Temperaturmålinger fra Åbjøra.,,,,,,,,,,,,
,,,,,,,,,,,,
,,,,,,,,,,,,
,Tid,Ug,Pg,Qg,If,Spor-temp,Blikk-temp,W-luft temp,K-luft temp,K vann inn,K vann ut,It
,,,,,,,,,,,,
,3/13/2017 4:00,0.025781,0.111719,0.111717,0,28.291992,28.291992,24.213867,22.174805,16.057617,14.018555,3538.162408
,3/13/2017 4:01,0.025781,0.111719,0.111717,0,28.291992,28.291992,24.213867,22.174805,16.057617,14.018555,3538.162408
,3/13/2017 4:02,0.025781,0.111719,0.111717,0,28.291992,28.291992,24.213867,22.174805,16.057617,14.018555,3538.162408
,3/13/2017 4:03,0.025781,0.111719,0.111717,0,28.291992,28.291992,24.213867,22.174805,16.057617,14.018555,3538.162408
,3/13/2017 4:04,0.025781,0.111719,0.111717,0,28.291992,28.291992,24.213867,22.174805,16.057617,14.018555,3538.162408
,3/13/2017 4:05,0.025781,0.111719,0.111717,0,28.291992,28.291992,24.213867,22.174805,16.057617,14.018555,3538.162408
,3/13/2017 4:06,0.025781,0.111719,0.111717,0,28.291992,28.291992,24.213867,22.174805,16.057617,14.018555,3538.162408
,3/13/2017 4:07,0.025781,0.111719,0.111717,0,28.291992,28.291992,24.213867,22.174805,16.057617,14.018555,3538.162408
,3/13/2017 4:08,0.025781,0.111719,0.111717,0,28.291992,28.291992,24.213867,22.174805,16.057617,14.018555,3538.162408
,3/13/2017 4:09,0.025781,0.111719,0.111717,0,28.291992,28.291992,24.213867,22.174805,16.057617,14.018555,3538.162408
,3/13/2017 4:10,0.025781,0.111719,0.111717,0,28.291992,28.291992,24.213867,22.174805,16.057617,14.018555,3538.162408
,3/13/2017 4:11,0.025781,0.111719,0.111717,0,28.291992,28.291992,24.213867,22.174805,16.057617,14.018555,3538.162408
,3/13/2017 4:12,0.025781,0.111719,0.111717,0,28.291992,28.291992,24.213867,22.174805,16.057617,14.018555,3538.162408
,3/13/2017 4:13,0.025781,0.111719,0.111717,0,28.291992,28.291992,24.213867,22.174805,16.057617,14.018555,3538.162408
,3/13/2017 4:14,0.025781,0.111719,0.111717,0,28.291992,28.291992,24.213867,22.174805,16.057617,14.018555,3538.162408
,3/13/2017 4:15,0.025781,0.111719,0.111717,0,28.291992,28.291992,24.213867,22.174805,16.057617,14.018555,3538.162408
,3/13/2017 4:16,0.025781,0.111719,0.111717,0,28.291992,28.291992,24.213867,22.174805,16.057617,14.018555,3538.162408
,3/13/2017 4:17,0.025781,0.111719,0.111717,0,28.291992,28.291992,24.213867,22.174805,16.057617,14.018555,3538.162408
,3/13/2017 4:18,0.025781,0.111719,0.111717,0,28.291992,28.291992,24.213867,22.174805,16.057617,14.018555,3538.162408
,3/13/2017 4:19,0.025781,0.111719,0.111717,0,28.291992,28.291992,24.213867,22.174805,16.057617,14.018555,3538.162408
,3/13/2017 4:20,0.025781,0.111719,0.111717,0,28.291992,28.291992,24.213867,22.174805,16.057617,14.018555,3538.162408
,3/13/2017 4:21,0.025781,0.111719,0.111717,0,28.291992,28.291992,24.213867,22.174805,16.057617,14.018555,3538.162408
,3/13/2017 4:22,0.025781,0.111719,0.111717,0,28.291992,28.291992,24.213867,22.174805,16.057617,14.018555,3538.162408
,3/13/2017 4:23,0.025781,0.111719,0.111717,0,28.291992,28.291992,24.213867,22.174805,16.057617,14.018555,3538.162408
,3/13/2017 4:24,0.025781,0.111719,0.111717,0,28.291992,28.291992,24.213867,22.174805,16.057617,14.018555,3538.162408
,3/13/2017 4:25,0.025781,0.111719,0.111717,0,28.291992,28.291992,24.213867,22.174805,16.057617,14.018555,3538.162408
,3/13/2017 4:26,0.025781,0.111719,0.111717,0,28.291992,28.291992,24.213867,22.174805,16.057617,14.018555,3538.162408
,3/13/2017 4:27,0.025781,0.111719,0.111717,0,28.291992,28.291992,24.213867,22.174805,16.057617,14.018555,3538.162408
,3/13/2017 4:28,0.025781,0.111719,0.111717,0,28.291992,28.291992,24.213867,22.174805,16.057617,14.018555,3538.162408
,3/13/2017 4:29,0.025781,0.111719,0.111717,0,28.291992,28.291992,24.213867,22.174805,16.057617,14.018555,3538.162408
,3/13/2017 4:30,0.025781,0.111719,0.111717,0,28.291992,28.291992,24.213867,22.174805,16.057617,14.018555,3538.162408
,3/13/2017 4:31,0.025781,0.111719,0.111717,0,28.291992,28.291992,24.213867,22.174805,16.057617,14.018555,3538.162408
,3/13/2017 4:32,0.025781,0.111719,0.111717,0,28.291992,28.291992,24.213867,22.174805,16.057617,14.018555,3538.162408
,3/13/2017 4:33,0.025781,0.111719,0.111717,0,28.291992,28.291992,24.213867,22.174805,16.057617,14.018555,3538.162408
,3/13/2017 4:34,0.025781,0.111719,0.111717,0,28.291992,28.291992,24.213867,22.174805,16.057617,14.018555,3538.162408
,3/13/2017 4:35,0.025781,0.111719,0.111717,0,28.291992,28.291992,24.213867,22.174805,16.057617,14.018555,3538.162408
,3/13/2017 4:36,0.025781,0.111719,0.111717,0,28.291992,28.291992,24.213867,22.174805,16.057617,14.018555,3538.162408
,3/13/2017 4:37,0.025781,0.111719,0.111717,0,28.291992,28.291992,24.213867,22.174805,16.057617,14.018555,3538.162408
,3/13/2017 4:38,0.025781,0.111719,0.111717,0,28.291992,28.291992,24.213867,22.174805,16.057617,14.018555,3538.162408
,3/13/2017 4:39,0.025781,0.111719,0.111717,0,28.291992,28.291992,24.213867,22.174805,16.057617,14.018555,3538.162408
,3/13/2017 4:40,0.025781,0.111719,0.111717,0,28.291992,28.291992,24.213867,22.174805,16.057617,14.018555,3538.162408
,3/13/2017 4:41,0.025781,0.111719,0.111717,0,28.291992,28.291992,24.213867,22.174805,16.057617,14.018555,3538.162408
,3/13/2017 4:42,0.025781,0.111719,0.111717,0,28.291992,28.291992,24.213867,22.174805,16.057617,14.018555,3538.162408
,3/13/2017 4:43,0.025781,0.111719,0.111717,0,28.291992,28.291992,24.213867,22.174805,16.057617,14.018555,3538.162408
,3/13/2017 4:44,0.025781,0.111719,0.111717,0,28.291992,28.291992,24.213867,22.174805,16.057617,14.018555,3538.162408
,3/13/2017 4:45,0.025781,0.111719,0.111717,0,28.291992,28.291992,24.213867,22.174805,16.057617,14.018555,3538.162408
,3/13/2017 4:46,0.025781,0.111719,0.111717,0,28.291992,28.291992,24.213867,22.174805,16.057617,14.018555,3538.162408
,3/13/2017 4:47,0.025781,0.111719,0.111717,0,28.291992,28.291992,24.213867,22.174805,16.057617,14.018555,3538.162408
,3/13/2017 4:48,0.025781,0.111719,0.111717,0,28.291992,28.291992,24.213867,22.174805,16.057617,14.018555,3538.162408
,3/13/2017 4:49,0.025781,0.111719,0.111717,0,28.291992,28.291992,24.213867,22.174805,16.057617,14.018555,3538.162408
,3/13/2017 4:50,0.025781,0.111719,0.111717,0,28.291992,28.291992,24.213867,22.174805,13.372852,14.630273,3538.162408
,3/13/2017 4:51,0.025781,0.111719,0.111717,0,28.291992,28.291992,24.213867,22.174805,6.67793,9.838477,3538.162408
,3/13/2017 4:52,0.025781,0.111719,0.111717,0,28.291992,28.291992,24.213867,22.174805,5.862305,5.862305,3538.162408
,3/13/2017 4:53,0.052207,0.111719,0.111717,0,28.291992,28.291992,24.213867,21.563086,4.366992,5.862305,1747.224798
,3/13/2017 4:54,5.298799,0.111719,0.111717,289.394531,28.291992,28.291992,24.213867,19.388086,3.823242,5.862305,17.21472451
,3/13/2017 4:55,10.512304,0.111719,-0.318398,573.046875,28.291992,28.291992,24.213867,18.09668,3.823242,5.862305,18.53207462
,3/13/2017 4:56,10.530351,2.482949,1.295937,588.125,28.291992,28.291992,24.213867,17.315039,3.823242,5.862305,153.5602601
,3/13/2017 4:57,10.550977,3.296634,2.066795,595.3125,28.291992,28.291992,24.213867,16.057617,3.823242,5.862305,212.9126979
,3/13/2017 4:58,10.550977,3.747233,1.949491,595.3125,28.291992,29.345508,24.213867,16.057617,3.823242,5.862305,231.1382143
,3/13/2017 4:59,10.550977,4.492025,1.821015,595.3125,28.291992,30.331055,24.179883,16.057617,3.823242,5.862305,265.2337159
,3/13/2017 5:00,10.550977,10.66821,2.066795,596.367188,28.291992,30.331055,22.174805,16.057617,3.823242,5.862305,594.6195489
,3/13/2017 5:01,10.550977,24.865801,2.066795,608.789062,28.291992,30.331055,22.174805,16.057617,3.823242,5.862305,1365.350566
,3/13/2017 5:02,10.550977,41.373178,2.634699,650.576172,29.685352,30.331055,22.174805,16.057617,3.823242,5.862305,2268.529321
,3/13/2017 5:03,10.550977,56.799675,4.123353,703.945312,30.331055,31.078711,22.174805,15.275977,3.823242,5.862305,3116.261576
,3/13/2017 5:04,10.550977,60.643731,5.083202,720.117188,30.331055,32.370117,22.174805,14.018555,3.823242,5.862305,3330.066701
,3/13/2017 5:05,10.550977,61.316838,5.083202,728.466797,31.418555,32.370117,22.174805,14.018555,3.823242,5.862305,3366.77186
,3/13/2017 5:06,10.550977,61.739506,5.329915,728.90625,32.370117,32.370117,22.174805,14.018555,3.823242,5.862305,3390.95621
,3/13/2017 5:07,10.550977,61.646406,4.997553,728.90625,32.981836,32.370117,22.174805,14.018555,3.823242,5.862305,3384.362598
,3/13/2017 5:08,10.550977,61.948048,4.915627,728.90625,34.40918,32.370117,22.174805,14.018555,3.823242,5.862305,3400.45721
,3/13/2017 5:09,10.550977,61.906153,4.915627,728.90625,34.40918,32.370117,22.174805,14.018555,3.823242,5.862305,3398.1719
,3/13/2017 5:10,10.550977,61.951771,4.703359,728.90625,35.870508,33.831445,22.174805,14.018555,3.823242,5.862305,3399.76127
,3/13/2017 5:11,10.550977,61.463003,4.580467,726.71875,36.448242,34.40918,22.174805,14.018555,3.823242,5.862305,3372.586773
,3/13/2017 5:12,10.550977,61.314976,4.580467,724.804688,36.448242,34.40918,22.174805,14.018555,3.823242,5.862305,3364.509177
,3/13/2017 5:13,10.550977,60.966784,4.580467,724.804688,38.385352,34.40918,22.174805,14.018555,3.823242,5.862305,3345.509329
,3/13/2017 5:14,10.550977,60.177305,4.580467,722.753906,38.487305,34.40918,22.174805,14.018555,3.823242,5.862305,3302.431974
,3/13/2017 5:15,10.550977,59.631745,4.580467,718.945312,38.487305,34.40918,22.174805,14.018555,3.823242,5.862305,3272.665779
,3/13/2017 5:16,10.550977,59.121563,4.50785,717.548828,38.487305,34.40918,22.174805,14.018555,3.823242,5.862305,3244.526762
,3/13/2017 5:17,10.550977,58.759408,4.245312,712.939453,39.642773,35.49668,22.174805,14.018555,3.823242,5.862305,3223.700247
,3/13/2017 5:18,10.550977,58.907436,4.245312,715.429688,40.526367,36.448242,22.174805,14.018555,3.823242,5.862305,3231.779345
,3/13/2017 5:19,10.550977,58.918607,4.245312,715.429688,40.526367,36.448242,22.174805,14.018555,3.823242,5.862305,3232.389042
,3/13/2017 5:20,10.550977,59.305899,4.245312,715.429688,40.526367,36.448242,22.174805,14.018555,3.823242,5.862305,3253.527246
,3/13/2017 5:21,10.550977,59.679227,4.515299,715.429688,40.526367,36.448242,22.174805,14.018555,3.823242,5.862305,3274.985409
,3/13/2017 5:22,10.550977,60.251785,4.524609,721.640625,40.526367,36.448242,22.174805,14.018555,3.823242,5.862305,3306.265492
,3/13/2017 5:23,10.550977,60.365365,4.524609,722.460938,40.526367,36.448242,22.174805,14.018555,3.823242,5.862305,3312.463181
,3/13/2017 5:24,10.550977,60.551563,4.781561,722.460938,42.123633,37.535742,22.174805,14.018555,3.823242,5.862305,3323.700832
,3/13/2017 5:25,10.550977,60.724727,4.859764,724.863281,42.56543,38.487305,22.174805,14.018555,3.823242,5.862305,3333.485703
,3/13/2017 5:26,10.550977,60.83086,4.859764,725.976562,42.56543,38.487305,22.174805,14.018555,3.823242,5.862305,3339.274832
,3/13/2017 5:27,10.550977,60.83086,4.859764,725.976562,42.56543,38.487305,22.174805,14.018555,3.823242,5.862305,3339.274832
,3/13/2017 5:28,10.550977,60.83086,5.139061,725.976562,42.56543,38.487305,22.174805,14.018555,3.823242,5.862305,3340.526661
,3/13/2017 5:29,10.550977,60.83086,5.418358,727.851562,42.56543,38.487305,22.174805,14.018555,3.823242,5.862305,3341.847916
,3/13/2017 5:30,10.550977,60.714487,5.261952,728.515625,42.56543,38.487305,22.174805,14.018555,3.823242,5.862305,3334.755263
,3/13/2017 5:31,10.550977,60.77407,5.050619,725.048828,42.56543,38.487305,22.174805,14.018555,3.823242,5.862305,3337.025855
,3/13/2017 5:32,10.550977,60.758244,5.250782,727.148438,42.56543,38.487305,22.174805,14.018555,3.823242,5.862305,3337.088032
,3/13/2017 5:33,10.550977,60.582286,5.250782,727.148438,43.89082,39.031055,22.174805,14.018555,3.823242,5.862305,3327.495455
,3/13/2017 5:34,10.550977,60.720073,5.283367,727.441406,44.604492,40.526367,22.174805,14.018555,3.823242,5.862305,3335.161163
,3/13/2017 5:35,10.550977,60.551563,5.630624,730.664062,44.604492,40.526367,22.174805,14.018555,3.823242,5.862305,3327.680651
,3/13/2017 5:36,10.550977,60.551563,5.306641,730.664062,44.604492,40.526367,22.174805,14.018555,3.823242,5.862305,3326.086032
,3/13/2017 5:37,10.550977,60.668868,5.576628,730.664062,44.604492,40.526367,22.174805,14.018555,3.823242,5.862305,3333.800321
,3/13/2017 5:38,10.550977,60.639077,5.585938,730.664062,44.604492,40.526367,24.009961,14.018555,3.823242,5.862305,3332.223694
,3/13/2017 5:39,10.550977,60.636283,5.585938,730.664062,44.604492,40.526367,24.213867,14.018555,3.823242,5.862305,3332.071451
,3/13/2017 5:40,10.550977,60.658626,5.837304,730.664062,44.604492,40.526367,24.213867,14.018555,3.823242,5.862305,3334.578352
,3/13/2017 5:41,10.550977,60.549701,5.921093,732.666016,44.604492,40.526367,24.213867,14.018555,3.823242,5.862305,3329.088525
,3/13/2017 5:42,10.550977,60.698659,5.921093,733.59375,44.604492,40.526367,24.213867,14.018555,3.823242,5.862305,3337.200917
,3/13/2017 5:43,10.550977,60.746141,5.921093,733.59375,44.604492,40.526367,24.213867,14.018555,3.823242,5.862305,3339.786871
,3/13/2017 5:44,10.550977,60.65118,5.705105,731.328125,44.604492,40.526367,24.213867,14.018555,3.823242,5.862305,3333.487537
,3/13/2017 5:45,10.550977,60.476153,5.692071,728.90625,44.604492,41.71582,24.213867,14.018555,3.823242,5.862305,3323.88535
,3/13/2017 5:46,10.550977,60.244337,5.976952,728.90625,44.604492,42.56543,24.213867,14.018555,3.823242,5.862305,3312.759082
,3/13/2017 5:47,10.550977,59.965971,5.850338,728.90625,44.604492,42.56543,24.213867,14.018555,3.823242,5.862305,3296.921682
,3/13/2017 5:48,10.550977,59.785359,5.530079,728.90625,44.604492,42.56543,24.213867,14.018555,3.823242,5.862305,3285.424987
,3/13/2017 5:49,10.550977,59.652228,5.585938,728.90625,44.876367,42.56543,24.213867,14.018555,3.823242,5.862305,3278.454651
,3/13/2017 5:50,10.550977,59.172768,5.911784,728.90625,46.643555,42.56543,24.213867,14.018555,3.823242,5.862305,3254.05792
,3/13/2017 5:51,10.550977,59.299382,6.418242,728.90625,46.643555,42.56543,24.213867,14.018555,3.823242,5.862305,3263.817732
,3/13/2017 5:52,10.550977,59.367344,4.904453,728.90625,46.643555,42.56543,24.213867,14.018555,3.823242,5.862305,3259.65213
,3/13/2017 5:53,10.550977,59.397136,4.748047,722.34375,46.643555,42.56543,24.213867,14.018555,3.823242,5.862305,3260.583688
,3/13/2017 5:54,10.550977,59.433446,4.748047,721.875,46.643555,42.56543,24.213867,14.018555,3.823242,5.862305,3262.56426
,3/13/2017 5:55,10.550977,59.428789,3.881295,717.089844,46.643555,42.56543,24.213867,14.018555,3.823242,5.862305,3258.87593
,3/13/2017 5:56,10.550977,59.404583,3.943671,716.015625,46.643555,42.56543,24.213867,14.018555,3.823242,5.862305,3257.778507
,3/13/2017 5:57,10.550977,59.374793,4.250899,716.015625,46.643555,42.56543,24.213867,14.018555,3.823242,5.862305,3257.309338
,3/13/2017 5:58,10.550977,59.463236,4.735945,719.990234,46.643555,42.56543,24.213867,14.018555,3.823242,5.862305,3264.136554
,3/13/2017 5:59,10.550977,60.110275,4.706152,722.460938,46.643555,42.56543,24.213867,14.018555,3.823242,5.862305,3299.304362
,3/13/2017 6:00,10.550977,65.331265,5.286158,739.960938,46.643555,42.56543,24.213867,14.018555,3.823242,5.862305,3586.615157
,3/13/2017 6:01,10.550977,79.066154,7.235651,804.814453,46.643555,42.56543,24.213867,14.018555,3.823242,5.862305,4344.585019
,3/13/2017 6:02,10.550977,83.274228,8.208534,823.974609,46.643555,42.56543,24.213867,15.208008,3.823242,5.862305,4578.856559
,3/13/2017 6:03,10.550977,84.370933,8.936568,832.509766,47.391211,42.56543,24.213867,16.057617,3.823242,5.862305,4642.609629
,3/13/2017 6:04,10.550977,85.334507,9.132079,839.648438,48.682617,42.56543,24.587695,16.057617,3.823242,5.862305,4696.172787
,3/13/2017 6:05,10.550977,85.573771,9.203761,840.195312,48.682617,42.56543,26.25293,16.057617,3.823242,5.862305,4709.609045
,3/13/2017 6:06,10.550977,85.241409,9.635744,844.042969,49.87207,42.56543,26.25293,16.057617,3.823242,5.862305,4694.123222
,3/13/2017 6:07,10.550977,85.408987,9.961586,847.353516,50.72168,42.56543,26.25293,16.057617,3.823242,5.862305,4705.267433
,3/13/2017 6:08,10.550977,86.331599,10.50156,852.539062,50.72168,42.56543,26.25293,16.057617,3.823242,5.862305,4758.893958
,3/13/2017 6:09,10.550977,86.637895,11.191425,857.548828,51.707227,42.56543,26.25293,16.057617,3.823242,5.862305,4780.221627
,3/13/2017 6:10,10.550977,87.08477,11.227734,861.435547,52.760742,42.56543,26.25293,16.057617,3.823242,5.862305,4804.727841
,3/13/2017 6:11,10.550977,87.08477,10.901889,861.914062,52.760742,43.992773,26.25293,16.057617,3.823242,5.862305,4802.480436
,3/13/2017 6:12,10.550977,87.08477,10.83672,858.837891,52.760742,44.604492,26.25293,16.057617,3.823242,5.862305,4802.038774
,3/13/2017 6:13,10.550977,86.521519,10.493186,855.410156,54.561914,44.604492,26.25293,16.057617,3.823242,5.862305,4769.155325
,3/13/2017 6:14,10.550977,86.470314,10.687764,854.296875,54.799805,44.604492,26.25293,16.057617,3.823242,5.862305,4767.668139
,3/13/2017 6:15,10.550977,86.470314,10.892582,854.296875,54.799805,44.604492,26.25293,16.057617,3.823242,5.862305,4769.055919
,3/13/2017 6:16,10.550977,85.633357,10.892582,854.296875,54.799805,44.604492,26.25293,16.057617,3.823242,5.862305,4723.620136
,3/13/2017 6:17,10.550977,85.042177,10.697074,851.123047,54.799805,44.604492,26.25293,16.057617,3.823242,5.862305,4690.183902
,3/13/2017 6:18,10.550977,85.129692,9.719532,846.679688,56.634961,44.604492,26.25293,16.057617,3.823242,5.862305,4688.566676
,3/13/2017 6:19,10.550977,85.129692,9.719532,846.679688,56.838867,44.604492,26.25293,16.057617,3.823242,5.862305,4688.566676
,3/13/2017 6:20,10.550977,85.129692,9.719532,845.791016,56.838867,44.604492,26.25293,16.057617,3.823242,5.862305,4688.566676
,3/13/2017 6:21,10.550977,85.129692,9.663672,842.96875,56.838867,44.604492,26.25293,16.057617,3.823242,5.862305,4688.220923
,3/13/2017 6:22,10.550977,85.129692,9.444887,845.507812,56.838867,44.604492,26.25293,16.057617,3.823242,5.862305,4686.885673
,3/13/2017 6:23,10.550977,85.502088,10.110546,845.585938,56.838867,44.604492,26.25293,16.057617,3.823242,5.862305,4711.277898
,3/13/2017 6:24,10.550977,85.688286,10.110546,850.195312,56.838867,44.604492,26.25293,16.057617,3.823242,5.862305,4721.396323
,3/13/2017 6:25,10.550977,85.921033,10.220407,850.195312,56.838867,45.216211,26.25293,16.057617,3.823242,5.862305,4734.751069
,3/13/2017 6:26,10.550977,86.24688,10.497841,850.195312,57.722461,46.643555,26.25293,16.057617,3.823242,5.862305,4754.26749
,3/13/2017 6:27,10.550977,86.24688,10.445705,854.414062,58.87793,46.643555,27.000586,16.057617,3.823242,5.862305,4753.923628
,3/13/2017 6:28,10.550977,86.24688,10.445705,855.46875,58.87793,46.643555,28.291992,16.057617,3.823242,5.862305,4753.923628
,3/13/2017 6:29,10.550977,86.24688,10.445705,855.46875,58.87793,46.643555,28.291992,16.057617,3.823242,5.862305,4753.923628
,3/13/2017 6:30,10.550977,86.24688,10.445705,853.300781,58.87793,46.643555,28.291992,16.057617,3.823242,5.862305,4753.923628
,3/13/2017 6:31,10.550977,86.062542,10.445705,851.953125,58.87793,46.643555,28.291992,16.057617,3.823242,5.862305,4743.909971
,3/13/2017 6:32,10.550977,85.91172,10.445705,853.320312,58.87793,46.643555,28.291992,16.057617,3.823242,5.862305,4735.71721
,3/13/2017 6:33,10.550977,86.028094,10.748278,856.835938,58.87793,46.643555,28.291992,16.057617,3.823242,5.862305,4744.062889
,3/13/2017 6:34,10.550977,86.191017,11.171879,859.570312,58.87793,46.643555,28.291992,16.057617,3.823242,5.862305,4755.833355
,3/13/2017 6:35,10.550977,86.191017,11.171879,859.570312,58.945898,46.643555,28.291992,16.057617,3.823242,5.862305,4755.833355
,3/13/2017 6:36,10.550977,86.191017,11.171879,859.570312,60.916992,46.643555,28.291992,16.057617,3.823242,5.862305,4755.833355
,3/13/2017 6:37,10.550977,86.191017,11.171879,859.570312,60.916992,46.643555,28.291992,16.057617,3.823242,5.862305,4755.833355
,3/13/2017 6:38,10.550977,86.146329,11.171879,859.570312,60.916992,48.342773,28.291992,16.057617,3.823242,5.862305,4753.408321
,3/13/2017 6:39,10.550977,85.744141,11.171879,859.570312,60.916992,48.682617,28.291992,16.057617,3.823242,5.862305,4731.584172
,3/13/2017 6:40,10.550977,85.744141,11.171879,859.570312,60.916992,48.682617,28.291992,16.057617,3.823242,5.862305,4731.584172
,3/13/2017 6:41,10.550977,85.744141,11.171879,856.230469,60.916992,48.682617,28.291992,16.057617,3.823242,5.862305,4731.584172
,3/13/2017 6:42,10.550977,85.744141,10.727793,851.396484,60.916992,48.682617,28.291992,16.057617,3.823242,5.862305,4728.50593
,3/13/2017 6:43,10.550977,85.152033,10.942853,850.78125,60.916992,48.682617,28.291992,16.057617,3.823242,5.862305,4697.843581
,3/13/2017 6:44,10.550977,85.07383,10.841377,850.78125,60.916992,48.682617,28.291992,16.057617,3.823242,5.862305,4692.89407
,3/13/2017 6:45,10.550977,85.418295,11.310594,853.984375,60.916992,48.682617,28.291992,16.057617,3.823242,5.862305,4714.89425
,3/13/2017 6:46,10.550977,85.017967,11.116016,855.46875,60.916992,48.682617,28.291992,16.057617,3.823242,5.862305,4691.786455
,3/13/2017 6:47,10.550977,84.685605,10.454083,846.035156,60.916992,48.682617,28.291992,16.057617,3.823242,5.862305,4669.177767
,3/13/2017 6:48,10.550977,84.626953,10.035139,841.992188,60.916992,48.682617,28.291992,16.057617,3.823242,5.862305,4663.237472
,3/13/2017 6:49,10.550977,84.626953,9.775394,841.992188,60.916992,48.682617,28.291992,17.994727,3.823242,5.862305,4661.585145
,3/13/2017 6:50,10.550977,84.626953,9.775394,842.96875,60.916992,48.682617,28.291992,18.09668,3.823242,5.862305,4661.585145
,3/13/2017 6:51,10.550977,84.971419,9.870354,845.751953,60.916992,48.682617,28.631836,18.09668,3.823242,5.862305,4680.907063
,3/13/2017 6:52,10.550977,85.185547,10.110546,847.851562,60.916992,48.682617,30.331055,18.09668,3.823242,5.862305,4694.077036
,3/13/2017 6:53,10.550977,85.185547,10.110546,847.851562,60.916992,48.682617,30.331055,18.09668,3.823242,5.862305,4694.077036
,3/13/2017 6:54,10.550977,85.185547,10.157096,848.193359,60.916992,48.682617,30.331055,18.09668,3.823242,5.862305,4694.377936
,3/13/2017 6:55,10.550977,85.185547,10.66914,851.953125,60.916992,50.17793,30.331055,18.09668,3.823242,5.862305,4697.777679
,3/13/2017 6:56,10.550977,85.185547,10.66914,851.953125,60.916992,50.72168,30.331055,18.09668,3.823242,5.862305,4697.777679
,3/13/2017 6:57,10.550977,85.185547,10.987541,855.292969,62.136182,50.72168,30.331055,18.09668,3.823242,5.862305,4699.974708
,3/13/2017 6:58,10.550977,85.432259,11.004299,855.46875,62.701172,50.72168,30.331055,18.09668,3.823242,5.862305,4713.481267
,3/13/2017 6:59,10.550977,85.464844,10.456879,852.119141,62.701172,50.72168,30.331055,18.09668,3.823242,5.862305,4711.518033
,3/13/2017 7:00,10.550977,87.185315,10.711037,857.382812,62.701172,50.72168,30.331055,18.09668,3.823242,5.862305,4806.655089
,3/13/2017 7:01,10.550977,88.592972,11.032227,864.375,62.701172,50.72168,30.331055,18.09668,3.823242,5.862305,4885.257144
,3/13/2017 7:02,10.550977,89.151566,11.64668,870.9375,62.701172,50.72168,30.331055,18.09668,3.823242,5.862305,4919.833022
,3/13/2017 7:03,10.550977,89.61706,11.953907,876.533203,62.701172,50.72168,30.331055,18.09668,3.823242,5.862305,4947.286073
,3/13/2017 7:04,10.550977,89.845153,11.953907,878.90625,62.701172,50.72168,30.331055,18.09668,3.823242,5.862305,4959.658037
,3/13/2017 7:05,10.550977,89.989456,12.195964,878.90625,62.701172,50.72168,30.331055,18.09668,3.823242,5.862305,4969.246939
,3/13/2017 7:06,10.550977,89.989456,12.512501,880.546875,62.701172,50.72168,30.331055,18.09668,3.823242,5.862305,4971.602748
,3/13/2017 7:07,10.550977,90.189618,13.033855,884.755859,62.701172,50.72168,30.331055,18.09668,3.823242,5.862305,4986.451929
,3/13/2017 7:08,10.550977,90.510807,12.962169,886.875,62.701172,50.72168,30.331055,18.09668,3.823242,5.862305,5003.289739
,3/13/2017 7:09,10.550977,90.771484,12.635394,884.121094,62.905078,50.72168,30.331055,18.09668,3.823242,5.862305,5014.913804
,3/13/2017 7:10,10.550977,90.697006,12.987303,887.109375,64.740234,50.72168,30.331055,18.09668,3.823242,5.862305,5013.570634
,3/13/2017 7:11,10.550977,90.497773,12.68008,887.109375,64.740234,50.72168,30.331055,18.09668,3.823242,5.862305,5000.418486
,3/13/2017 7:12,10.550977,91.155053,12.68008,887.109375,64.740234,50.72168,30.331055,18.09668,3.823242,5.862305,5036.039436
,3/13/2017 7:13,10.550977,91.441795,12.68008,887.109375,64.740234,50.72168,30.331055,18.09668,3.823242,5.862305,5051.580804
,3/13/2017 7:14,10.550977,91.441795,13.12416,892.695312,64.740234,50.72168,30.331055,18.09668,3.823242,5.862305,5054.975825
,3/13/2017 7:15,10.550977,91.441795,13.547761,893.554688,64.740234,50.72168,30.331055,18.09668,3.823242,5.862305,5058.320947
,3/13/2017 7:16,10.550977,91.02285,13.25264,890.039062,64.740234,50.72168,30.331055,18.09668,3.823242,5.862305,5033.292828
,3/13/2017 7:17,10.550977,90.577841,13.508663,888.867188,64.740234,50.72168,30.331055,18.09668,3.823242,5.862305,5011.244551
,3/13/2017 7:18,10.550977,90.64301,13.685551,890.625,64.740234,52.183008,30.331055,18.09668,3.823242,5.862305,5016.207525
,3/13/2017 7:19,10.550977,90.413056,13.501213,889.541016,64.740234,52.760742,30.331055,18.09668,3.823242,5.862305,5002.266094
,3/13/2017 7:20,10.550977,90.157036,13.350391,887.695312,64.740234,52.760742,30.331055,18.09668,3.823242,5.862305,4987.195126
,3/13/2017 7:21,10.550977,89.679435,13.350391,886.289062,64.740234,52.760742,30.331055,18.09668,3.823242,5.862305,4961.344143
,3/13/2017 7:22,10.550977,89.821877,13.350391,884.179688,64.740234,52.760742,30.331055,18.09668,3.823242,5.862305,4969.053753
,3/13/2017 7:23,10.550977,89.821877,13.350391,885.009766,64.740234,52.760742,30.331055,18.09668,3.823242,5.862305,4969.053753
,3/13/2017 7:24,10.550977,89.821877,13.350391,887.109375,66.507422,52.760742,31.622461,18.09668,3.823242,5.862305,4969.053753
,3/13/2017 7:25,10.550977,89.821877,13.417423,887.109375,66.779297,52.760742,32.370117,18.09668,3.823242,5.862305,4969.594335
,3/13/2017 7:26,10.550977,89.821877,13.797268,887.109375,66.779297,52.760742,32.370117,18.09668,3.823242,5.862305,4972.707601
,3/13/2017 7:27,10.550977,89.821877,13.790751,887.109375,66.779297,52.760742,32.370117,18.09668,3.823242,5.862305,4972.65347
,3/13/2017 7:28,10.550977,89.821877,13.406254,887.109375,66.779297,52.760742,32.370117,18.09668,3.823242,5.862305,4969.504078
,3/13/2017 7:29,10.550977,89.821877,13.082266,887.109375,66.779297,52.760742,32.370117,18.09668,3.823242,5.862305,4966.91795
,3/13/2017 7:30,10.550977,90.068589,14.008598,890.214844,66.779297,52.760742,32.370117,18.09668,3.823242,5.862305,4987.815735
,3/13/2017 7:31,10.550977,90.101173,14.13242,890.625,66.779297,52.760742,32.370117,18.09668,3.823242,5.862305,4990.622981
,3/13/2017 7:32,10.550977,90.315301,13.704164,890.625,66.779297,52.760742,32.370117,18.09668,3.823242,5.862305,4998.629636
,3/13/2017 7:33,10.550977,90.38047,13.573826,890.625,66.779297,52.760742,32.370117,18.09668,3.823242,5.862305,5001.091129
,3/13/2017 7:34,10.550977,90.38047,13.821473,890.625,66.779297,52.760742,32.370117,18.09668,3.823242,5.862305,5003.121707
,3/13/2017 7:35,10.550977,90.38047,13.964848,890.625,66.779297,52.760742,32.370117,18.09668,3.823242,5.862305,5004.313704
,3/13/2017 7:36,10.550977,90.43633,13.964848,892.890625,66.779297,52.760742,32.370117,18.09668,3.823242,5.862305,5007.334542
,3/13/2017 7:37,10.550977,90.939064,14.174319,896.777344,66.779297,52.760742,32.370117,18.09668,3.823242,5.862305,5036.276238
,3/13/2017 7:38,10.550977,90.939064,14.565333,898.828125,66.779297,52.760742,32.370117,18.09668,3.823242,5.862305,5039.615755
,3/13/2017 7:39,10.550977,91.018198,14.82601,900.986328,66.779297,52.760742,32.370117,18.09668,3.823242,5.862305,5046.165166
,3/13/2017 7:40,10.550977,91.218361,14.917248,904.921875,66.779297,52.760742,32.370117,18.09668,3.823242,5.862305,5057.779273
,3/13/2017 7:41,10.550977,91.218361,14.597919,898.828125,66.779297,52.760742,32.370117,18.09668,3.823242,5.862305,5054.988612
,3/13/2017 7:42,10.550977,91.218361,14.97031,899.101562,66.779297,52.760742,32.370117,18.09668,3.823242,5.862305,5058.248688
,3/13/2017 7:43,10.550977,91.218361,14.97031,902.929688,66.779297,54.018164,32.370117,18.09668,3.823242,5.862305,5058.248688
,3/13/2017 7:44,10.550977,91.218361,14.97031,902.929688,66.779297,54.799805,32.370117,18.09668,3.823242,5.862305,5058.248688
,3/13/2017 7:45,10.550977,91.218361,15.235642,902.929688,66.779297,54.799805,32.370117,18.09668,3.823242,5.862305,5060.6203
,3/13/2017 7:46,10.550977,91.218361,15.290572,898.271484,66.779297,54.799805,32.370117,18.09668,3.823242,5.862305,5061.116345
,3/13/2017 7:47,10.550977,91.218361,15.057827,897.65625,67.391016,54.799805,32.370117,18.09668,3.823242,5.862305,5059.026457
,3/13/2017 7:48,10.550977,91.218361,14.914455,900.292969,68.818359,54.799805,32.370117,18.09668,3.823242,5.862305,5057.754609
,3/13/2017 7:49,10.550977,91.218361,14.914455,901.171875,68.818359,54.799805,32.370117,18.09668,3.823242,5.862305,5057.754609
,3/13/2017 7:50,10.550977,91.218361,14.914455,901.171875,68.818359,54.799805,32.370117,18.09668,3.823242,5.862305,5057.754609
,3/13/2017 7:51,10.550977,91.218361,14.914455,901.171875,68.818359,54.799805,32.370117,18.09668,3.823242,5.862305,5057.754609
,3/13/2017 7:52,10.550977,91.218361,14.914455,901.171875,68.818359,54.799805,32.370117,18.09668,3.823242,5.862305,5057.754609
,3/13/2017 7:53,10.550977,91.218361,13.693927,897.998047,68.818359,54.799805,32.370117,18.09668,3.823242,5.862305,5047.408165
,3/13/2017 7:54,10.550977,91.218361,13.771198,894.53125,68.818359,54.799805,32.370117,18.09668,3.823242,5.862305,5048.037622
,3/13/2017 7:55,10.550977,91.218361,13.68834,896.484375,68.818359,54.799805,32.370117,18.09668,3.823242,5.862305,5047.362787
,3/13/2017 7:56,10.550977,91.218361,14.09332,896.484375,68.818359,54.799805,32.370117,18.09668,3.823242,5.862305,5050.698949
,3/13/2017 7:57,10.550977,91.218361,14.29721,896.923828,68.818359,54.799805,32.370117,18.09668,3.823242,5.862305,5052.414516
,3/13/2017 7:58,10.550977,91.218361,13.998363,899.121094,68.818359,54.799805,32.370117,18.09668,3.823242,5.862305,5049.908178
,3/13/2017 7:59,10.550977,91.218361,14.275793,895.898438,68.818359,54.799805,32.370117,18.09668,3.823242,5.862305,5052.233178
,3/13/2017 8:00,10.550977,93.285156,13.573826,900,68.818359,54.799805,32.370117,18.09668,3.823242,5.862305,5158.327001
,3/13/2017 8:01,10.550977,94.96094,14.10449,908.203125,68.818359,54.799805,32.370117,18.09668,3.823242,5.862305,5253.274625
,3/13/2017 8:02,10.550977,95.18438,14.13242,912.773438,68.818359,54.799805,33.32168,18.09668,3.823242,5.862305,5265.593151
,3/13/2017 8:03,10.550977,95.18438,13.713477,913.476562,68.818359,54.799805,34.40918,18.09668,3.823242,5.862305,5262.275207
,3/13/2017 8:04,10.550977,95.18438,13.964846,913.476562,68.818359,54.799805,34.40918,18.09668,3.823242,5.862305,5264.25427
,3/13/2017 8:05,10.550977,95.18438,14.076565,913.476562,68.818359,54.799805,34.40918,18.09668,3.823242,5.862305,5265.145145
,3/13/2017 8:06,10.550977,95.18438,14.076565,913.476562,68.818359,54.799805,34.40918,18.09668,3.823242,5.862305,5265.145145
,3/13/2017 8:07,10.550977,95.18438,14.076565,913.476562,69.667969,54.799805,34.40918,18.09668,3.823242,5.862305,5265.145145
,3/13/2017 8:08,10.550977,95.18438,14.076565,913.476562,70.857422,54.799805,34.40918,18.09668,3.823242,5.862305,5265.145145
,3/13/2017 8:09,10.550977,95.18438,14.076565,911.367188,70.857422,54.799805,34.40918,18.87832,3.823242,5.862305,5265.145145
,3/13/2017 8:10,10.550977,95.18438,14.076565,909.433594,70.857422,54.799805,34.40918,20.135742,3.823242,5.862305,5265.145145
,3/13/2017 8:11,10.550977,95.18438,14.076565,911.71875,70.857422,54.799805,34.40918,20.135742,3.823242,5.862305,5265.145145
,3/13/2017 8:12,10.550977,95.18438,14.076565,911.71875,70.857422,54.799805,34.40918,20.135742,3.823242,5.862305,5265.145145
,3/13/2017 8:13,10.550977,95.18438,14.076565,911.71875,70.857422,54.799805,34.40918,20.135742,3.823242,5.862305,5265.145145
,3/13/2017 8:14,10.550977,95.18438,14.076565,911.71875,70.857422,54.799805,34.40918,20.135742,3.823242,5.862305,5265.145145
,3/13/2017 8:15,10.550977,95.18438,14.065393,911.71875,70.857422,55.887305,34.40918,20.135742,3.823242,5.862305,5265.055744
,3/13/2017 8:16,10.550977,95.18438,14.434061,908.203125,70.857422,56.838867,34.40918,20.135742,3.823242,5.862305,5268.042565
,3/13/2017 8:17,10.550977,95.18438,14.691013,913.212891,70.857422,56.838867,34.40918,20.135742,3.823242,5.862305,5270.168968
,3/13/2017 8:18,10.550977,95.18438,14.151039,907.783203,70.857422,56.838867,34.40918,20.135742,3.823242,5.862305,5265.742878
,3/13/2017 8:19,10.550977,95.107107,14.234828,912.1875,70.857422,56.838867,34.40918,20.135742,3.823242,5.862305,5262.23722
,3/13/2017 8:20,10.550977,95.128517,14.13242,913.476562,70.857422,56.838867,34.40918,20.135742,3.823242,5.862305,5262.569489
,3/13/2017 8:21,10.550977,94.854807,13.85871,908.398438,70.857422,56.838867,34.40918,20.135742,3.823242,5.862305,5245.568904
,3/13/2017 8:22,10.550977,94.737503,13.948087,908.320312,70.857422,56.838867,34.40918,20.135742,3.823242,5.862305,5239.927675
,3/13/2017 8:23,10.550977,94.737503,14.076565,909.960938,70.857422,56.838867,34.40918,20.135742,3.823242,5.862305,5240.956318
,3/13/2017 8:24,10.550977,94.737503,14.076565,909.960938,70.857422,56.838867,34.40918,20.135742,3.823242,5.862305,5240.956318
,3/13/2017 8:25,10.550977,94.737503,14.197593,909.960938,71.571094,56.838867,34.40918,20.135742,3.823242,5.862305,5241.933753
,3/13/2017 8:26,10.550977,94.737503,14.355862,909.960938,72.896484,56.838867,34.40918,20.135742,3.823242,5.862305,5243.224297
,3/13/2017 8:27,10.550977,94.737503,14.355862,911.054688,72.896484,56.838867,34.40918,20.135742,3.823242,5.862305,5243.224297
,3/13/2017 8:28,10.550977,94.737503,14.259038,913.125,72.896484,56.838867,34.40918,20.135742,3.823242,5.862305,5242.433121
,3/13/2017 8:29,10.550977,94.737503,13.967637,909.84375,72.896484,56.838867,34.40918,20.135742,3.823242,5.862305,5240.083604
,3/13/2017 8:30,10.550977,94.737503,14.299999,912.890625,72.896484,56.838867,34.40918,20.135742,3.823242,5.862305,5242.767186
,3/13/2017 8:31,10.550977,94.737503,14.299999,912.890625,72.896484,56.838867,34.40918,20.135742,3.823242,5.862305,5242.767186
,3/13/2017 8:32,10.550977,94.737503,14.299999,912.890625,72.896484,56.838867,34.40918,20.135742,3.823242,5.862305,5242.767186
,3/13/2017 8:33,10.550977,95.00749,14.299999,912.890625,72.896484,56.838867,34.40918,20.135742,3.823242,5.862305,5257.375879
,3/13/2017 8:34,10.550977,95.0168,14.299999,909.267578,72.896484,56.838867,34.40918,20.135742,3.823242,5.862305,5257.879649
,3/13/2017 8:35,10.550977,95.0168,14.299999,912.070312,72.896484,56.838867,34.40918,20.135742,3.823242,5.862305,5257.879649
,3/13/2017 8:36,10.550977,95.0168,14.299999,912.890625,72.896484,56.838867,34.40918,20.135742,3.823242,5.862305,5257.879649
,3/13/2017 8:37,10.550977,95.0168,14.299999,912.890625,72.896484,56.838867,34.40918,20.135742,3.823242,5.862305,5257.879649
,3/13/2017 8:38,10.550977,95.0168,14.299999,912.890625,72.896484,56.838867,34.40918,20.135742,3.823242,5.862305,5257.879649
,3/13/2017 8:39,10.550977,95.0168,14.484337,912.890625,72.896484,56.838867,34.40918,20.135742,3.823242,5.862305,5259.39029
,3/13/2017 8:40,10.550977,95.0168,14.392168,912.890625,72.896484,56.838867,34.40918,20.135742,3.823242,5.862305,5258.632605
,3/13/2017 8:41,10.550977,95.0168,14.13242,912.890625,72.896484,56.838867,34.40918,20.135742,3.823242,5.862305,5256.522766
,3/13/2017 8:42,10.550977,95.0168,14.13242,912.890625,72.896484,56.838867,34.40918,20.135742,3.823242,5.862305,5256.522766
,3/13/2017 8:43,10.550977,95.0168,14.13242,912.890625,72.896484,56.838867,34.40918,20.135742,3.823242,5.862305,5256.522766
,3/13/2017 8:44,10.550977,95.0168,14.217141,912.890625,72.896484,56.838867,34.40918,20.135742,3.823242,5.862305,5257.206795
,3/13/2017 8:45,10.550977,95.0168,14.389378,912.890625,72.896484,56.838867,34.40918,20.135742,3.823242,5.862305,5258.609744
,3/13/2017 8:46,10.550977,94.98887,13.666928,912.597656,72.896484,56.838867,34.40918,20.135742,3.823242,5.862305,5251.323085
,3/13/2017 8:47,10.550977,94.681641,14.059807,909.316406,72.896484,56.838867,34.40918,20.135742,3.823242,5.862305,5237.797986
,3/13/2017 8:48,10.550977,94.681641,13.573826,905.859375,72.896484,56.838867,34.40918,20.135742,3.823242,5.862305,5233.957987
,3/13/2017 8:49,10.550977,94.681641,13.573826,905.859375,72.896484,56.838867,36.142383,20.135742,3.823242,5.862305,5233.957987
,3/13/2017 8:50,10.550977,94.681641,13.573826,905.859375,72.896484,56.838867,36.448242,20.135742,3.823242,5.862305,5233.957987
,3/13/2017 8:51,10.550977,94.108155,13.573826,905.859375,72.896484,57.722461,36.448242,20.135742,3.823242,5.862305,5202.896295
,3/13/2017 8:52,10.550977,94.067192,13.573826,905.859375,72.896484,58.87793,36.448242,20.135742,3.823242,5.862305,5200.677765
,3/13/2017 8:53,10.550977,94.067192,13.573826,905.859375,72.896484,58.87793,36.448242,20.135742,3.823242,5.862305,5200.677765
,3/13/2017 8:54,10.550977,94.067192,13.573826,905.859375,72.896484,58.87793,36.448242,20.135742,3.823242,5.862305,5200.677765
,3/13/2017 8:55,10.550977,94.067192,13.758163,905.859375,72.896484,58.87793,36.448242,20.135742,3.823242,5.862305,5202.127961
,3/13/2017 8:56,10.550977,94.067192,13.638998,905.859375,72.896484,58.87793,36.448242,20.135742,3.823242,5.862305,5201.18829
,3/13/2017 8:57,10.550977,94.067192,13.519831,905.859375,72.896484,58.87793,36.448242,20.135742,3.823242,5.862305,5200.25661
,3/13/2017 8:58,10.550977,94.067192,13.741405,905.859375,72.896484,58.87793,36.448242,20.135742,3.823242,5.862305,5201.995332
,3/13/2017 8:59,10.550977,94.067192,13.598965,905.859375,72.896484,58.87793,36.448242,20.135742,3.823242,5.862305,5200.874407
,3/13/2017 9:00,10.550977,91.67641,13.09344,893.886719,72.896484,58.87793,36.448242,20.135742,3.823242,5.862305,5067.446138
,3/13/2017 9:01,10.550977,89.674779,12.518089,883.300781,72.896484,58.87793,36.448242,20.135742,3.823242,5.862305,4954.590508
,3/13/2017 9:02,10.550977,89.591922,12.233204,878.320312,72.896484,58.87793,36.448242,20.135742,3.823242,5.862305,4947.96705
,3/13/2017 9:03,10.550977,89.263283,12.280684,878.408203,72.896484,58.87793,36.448242,20.135742,3.823242,5.862305,4930.503267
,3/13/2017 9:04,10.550977,89.263283,12.84766,883.59375,72.896484,58.87793,36.448242,20.135742,3.823242,5.862305,4934.827512
,3/13/2017 9:05,10.550977,89.263283,12.84766,878.583984,72.896484,58.87793,36.448242,20.135742,3.823242,5.862305,4934.827512
,3/13/2017 9:06,10.550977,89.263283,12.84766,878.320312,72.896484,58.87793,36.448242,20.135742,3.823242,5.862305,4934.827512
,3/13/2017 9:07,10.550977,89.263283,12.84766,881.601562,72.896484,58.87793,36.448242,20.135742,3.823242,5.862305,4934.827512
,3/13/2017 9:08,10.550977,89.263283,13.224709,882.421875,72.896484,58.87793,36.448242,20.135742,3.823242,5.862305,4937.809037
,3/13/2017 9:09,10.550977,89.263283,13.121366,882.421875,72.896484,58.87793,36.448242,20.135742,3.823242,5.862305,4936.983451
,3/13/2017 9:10,10.550977,89.435516,13.015232,882.421875,72.896484,58.87793,36.448242,20.135742,3.823242,5.862305,4945.468345
,3/13/2017 9:11,10.550977,89.54258,13.015232,882.421875,72.896484,58.87793,36.448242,20.135742,3.823242,5.862305,4951.265899
,3/13/2017 9:12,10.550977,89.54258,13.015232,882.421875,72.896484,58.87793,36.448242,20.135742,3.823242,5.862305,4951.265899
,3/13/2017 9:13,10.550977,89.54258,13.015232,882.421875,72.896484,58.87793,36.448242,20.135742,3.823242,5.862305,4951.265899
,3/13/2017 9:14,10.550977,89.54258,13.015232,882.421875,72.896484,58.87793,36.448242,20.135742,3.823242,5.862305,4951.265899
,3/13/2017 9:15,10.550977,89.54258,13.141847,883.359375,72.896484,58.87793,36.448242,20.135742,3.823242,5.862305,4952.26723
,3/13/2017 9:16,10.550977,89.603094,13.462109,885.9375,72.896484,58.87793,36.448242,20.135742,3.823242,5.862305,4958.116908
,3/13/2017 9:17,10.550977,89.821877,13.462109,885.9375,72.896484,58.87793,36.448242,20.135742,3.823242,5.862305,4969.956177
,3/13/2017 9:18,10.550977,90.036004,13.462109,885.9375,72.896484,58.87793,36.448242,20.135742,3.823242,5.862305,4981.544104
,3/13/2017 9:19,10.550977,90.38047,13.462109,885.986328,72.896484,58.87793,36.448242,20.135742,3.823242,5.862305,5000.186859
,3/13/2017 9:20,10.550977,90.38047,13.462109,888.867188,72.896484,58.87793,36.448242,20.135742,3.823242,5.862305,5000.186859
,3/13/2017 9:21,10.550977,90.38047,13.462109,888.867188,72.896484,58.87793,36.448242,20.135742,3.823242,5.862305,5000.186859
,3/13/2017 9:22,10.550977,90.38047,13.462109,888.867188,72.896484,58.87793,36.448242,20.135742,3.823242,5.862305,5000.186859
,3/13/2017 9:23,10.550977,90.112343,13.059924,886.054688,72.896484,58.87793,36.448242,20.135742,3.823242,5.862305,4982.471352
,3/13/2017 9:24,10.550977,90.045311,13.259155,887.548828,72.896484,58.87793,36.448242,20.135742,3.823242,5.862305,4980.417809
,3/13/2017 9:25,10.550977,90.045311,13.350391,888.28125,72.896484,58.87793,36.448242,20.135742,3.823242,5.862305,4981.147552
,3/13/2017 9:26,10.550977,90.217544,13.350391,890.449219,72.896484,58.87793,36.448242,20.135742,3.823242,5.862305,4990.470438
,3/13/2017 9:27,10.550977,90.324608,13.350391,891.796875,72.896484,58.87793,36.448242,20.135742,3.823242,5.862305,4996.265951
,3/13/2017 9:28,10.550977,90.324608,13.350391,890.15625,72.896484,58.87793,36.448242,20.135742,3.823242,5.862305,4996.265951
,3/13/2017 9:29,10.550977,90.324608,13.350391,888.28125,72.896484,58.87793,36.448242,20.135742,3.823242,5.862305,4996.265951
,3/13/2017 9:30,10.550977,90.422362,13.350391,888.28125,72.896484,58.87793,36.448242,20.135742,3.823242,5.862305,5001.55763
,3/13/2017 9:31,10.550977,90.493117,13.350391,888.28125,72.896484,58.87793,36.448242,20.135742,3.823242,5.862305,5005.387858
,3/13/2017 9:32,10.550977,90.212891,13.350391,888.28125,72.896484,58.87793,36.448242,20.135742,3.823242,5.862305,4990.218568
,3/13/2017 9:33,10.550977,90.212891,13.350391,888.28125,72.896484,58.87793,36.448242,20.135742,3.823242,5.862305,4990.218568
,3/13/2017 9:34,10.550977,90.212891,13.316875,888.28125,72.896484,58.87793,36.448242,20.135742,3.823242,5.862305,4989.950413
,3/13/2017 9:35,10.550977,90.212891,13.015232,888.28125,72.896484,58.87793,36.448242,20.135742,3.823242,5.862305,4987.566723
,3/13/2017 9:36,10.550977,90.212891,13.015232,888.28125,72.896484,58.87793,36.448242,20.135742,3.823242,5.862305,4987.566723
,3/13/2017 9:37,10.550977,90.212891,13.015232,888.28125,72.896484,58.87793,36.448242,20.135742,3.823242,5.862305,4987.566723
,3/13/2017 9:38,10.550977,90.212891,13.015232,888.28125,72.896484,58.87793,36.448242,20.135742,3.823242,5.862305,4987.566723
,3/13/2017 9:39,10.550977,90.212891,13.288946,888.28125,72.896484,58.87793,36.448242,20.135742,3.823242,5.862305,4989.727462
,3/13/2017 9:40,10.550977,90.212891,13.350391,888.28125,72.896484,58.87793,36.448242,20.135742,3.823242,5.862305,4990.218568
,3/13/2017 9:41,10.550977,90.212891,13.350391,888.28125,72.896484,58.87793,36.448242,20.135742,3.823242,5.862305,4990.218568
,3/13/2017 9:42,10.550977,90.212891,13.350391,888.28125,72.896484,58.87793,36.448242,20.135742,3.823242,5.862305,4990.218568
,3/13/2017 9:43,10.550977,90.212891,13.504005,888.28125,72.896484,58.87793,36.448242,20.135742,3.823242,5.862305,4991.456042
,3/13/2017 9:44,10.550977,90.212891,13.629688,889.697266,72.896484,58.87793,36.448242,20.135742,3.823242,5.862305,4992.47881
,3/13/2017 9:45,10.550977,90.212891,13.490039,889.101562,72.896484,58.87793,36.448242,20.135742,3.823242,5.862305,4991.342963
,3/13/2017 9:46,10.550977,90.212891,13.392283,887.783203,72.896484,58.87793,36.448242,20.135742,3.823242,5.862305,4990.554665
,3/13/2017 9:47,10.550977,90.212891,13.463039,889.550781,72.896484,58.87793,36.448242,20.135742,3.823242,5.862305,4991.124677
,3/13/2017 9:48,10.550977,90.212891,13.182812,885.351562,72.896484,58.87793,36.448242,20.135742,3.823242,5.862305,4988.884398
,3/13/2017 9:49,10.550977,90.212891,13.678098,890.371094,72.896484,58.87793,36.448242,20.135742,3.823242,5.862305,4992.875226
,3/13/2017 9:50,10.550977,90.212891,13.629688,889.0625,72.896484,58.87793,36.448242,20.135742,3.823242,5.862305,4992.47881
,3/13/2017 9:51,10.550977,90.212891,13.629688,891.796875,72.896484,58.87793,36.448242,20.135742,3.823242,5.862305,4992.47881
,3/13/2017 9:52,10.550977,90.212891,13.629688,891.796875,72.896484,58.87793,36.448242,20.135742,3.823242,5.862305,4992.47881
,3/13/2017 9:53,10.550977,90.212891,13.629688,891.796875,72.896484,58.87793,36.448242,20.135742,3.823242,5.862305,4992.47881
,3/13/2017 9:54,10.550977,90.508948,13.629688,894.384766,72.896484,58.87793,36.448242,20.135742,3.823242,5.862305,5008.497867
,3/13/2017 9:55,10.550977,90.54805,14.048631,894.726562,72.896484,58.87793,36.448242,20.135742,3.823242,5.862305,5014.077201
,3/13/2017 9:56,10.550977,90.54805,13.746992,892.089844,72.896484,58.87793,36.448242,20.135742,3.823242,5.862305,5011.573141
,3/13/2017 9:57,10.550977,90.54805,13.858714,894.414062,72.896484,58.87793,36.448242,20.135742,3.823242,5.862305,5012.494411
,3/13/2017 9:58,10.550977,90.54805,13.964848,895.898438,72.896484,58.87793,36.448242,20.135742,3.823242,5.862305,5013.37635
,3/13/2017 9:59,10.550977,90.732383,13.964848,895.898438,72.896484,58.87793,36.448242,20.135742,3.823242,5.862305,5023.34544
,3/13/2017 10:00,10.550977,91.191361,14.180834,899.013672,72.896484,58.87793,36.448242,20.135742,3.823242,5.862305,5049.972459
,3/13/2017 10:01,10.550977,91.665237,14.411716,902.34375,72.896484,58.87793,36.448242,20.135742,3.823242,5.862305,5077.543465
,3/13/2017 10:02,10.550977,92.130732,14.411716,902.34375,72.896484,58.87793,36.448242,20.135742,3.823242,5.862305,5102.707826
,3/13/2017 10:03,10.550977,92.223831,14.411716,902.34375,72.896484,58.87793,36.448242,20.135742,3.823242,5.862305,5107.741064
,3/13/2017 10:04,10.550977,92.223831,14.411716,903.398438,72.896484,58.87793,36.448242,20.135742,3.823242,5.862305,5107.741064
,3/13/2017 10:05,10.550977,92.223831,14.411716,907.617188,72.896484,58.87793,36.448242,20.135742,3.823242,5.862305,5107.741064
,3/13/2017 10:06,10.550977,92.223831,14.444302,907.617188,72.896484,58.87793,36.448242,20.135742,3.823242,5.862305,5108.016671
,3/13/2017 10:07,10.550977,92.223831,14.802738,907.617188,72.896484,58.87793,36.448242,20.135742,3.823242,5.862305,5111.088337
,3/13/2017 10:08,10.550977,92.223831,14.802738,907.617188,72.896484,58.87793,36.448242,20.135742,3.823242,5.862305,5111.088337
,3/13/2017 10:09,10.550977,92.223831,15.06807,907.617188,72.896484,58.87793,36.448242,20.135742,3.823242,5.862305,5113.409406
,3/13/2017 10:10,10.550977,92.475198,15.082035,907.617188,72.896484,58.87793,36.448242,20.135742,3.823242,5.862305,5127.10766
,3/13/2017 10:11,10.550977,92.503128,15.082035,907.617188,72.896484,58.87793,36.448242,20.135742,3.823242,5.862305,5128.616068
,3/13/2017 10:12,10.550977,92.949072,15.082035,911.572266,72.896484,58.87793,36.448242,20.135742,3.823242,5.862305,5152.701638
,3/13/2017 10:13,10.550977,92.894142,15.082035,910.087891,72.896484,58.87793,36.448242,20.135742,3.823242,5.862305,5149.734691
,3/13/2017 10:14,10.550977,92.894142,14.806461,908.789062,72.896484,58.87793,36.448242,20.135742,3.823242,5.862305,5147.339601
,3/13/2017 10:15,10.550977,92.894142,14.850216,910.664062,72.896484,58.87793,36.448242,20.135742,3.823242,5.862305,5147.717013
,3/13/2017 10:16,10.550977,92.32065,15.026173,909.189453,72.896484,58.87793,36.448242,20.135742,3.823242,5.862305,5118.269291
,3/13/2017 10:17,10.550977,92.279686,15.026173,905.859375,72.896484,58.87793,36.448242,20.135742,3.823242,5.862305,5116.056864
,3/13/2017 10:18,10.550977,92.279686,14.674258,904.423828,72.896484,58.87793,36.448242,20.135742,3.823242,5.862305,5112.997308
,3/13/2017 10:19,10.550977,92.184726,14.147317,901.757812,72.896484,58.87793,36.448242,20.135742,3.823242,5.862305,5103.41222
,3/13/2017 10:20,10.550977,91.944534,14.467579,901.757812,72.896484,58.87793,36.448242,20.135742,3.823242,5.862305,5093.115968
,3/13/2017 10:21,10.550977,91.888674,14.37448,901.757812,72.896484,58.87793,36.448242,20.135742,3.823242,5.862305,5089.306633
,3/13/2017 10:22,10.550977,91.609375,13.908985,901.464844,72.896484,58.87793,36.448242,20.135742,3.823242,5.862305,5070.321502
,3/13/2017 10:23,10.550977,91.609375,13.908985,898.242188,72.896484,58.87793,36.448242,20.135742,3.823242,5.862305,5070.321502
,3/13/2017 10:24,10.550977,91.609375,13.908985,898.242188,72.896484,58.87793,36.448242,20.135742,3.823242,5.862305,5070.321502
,3/13/2017 10:25,10.550977,91.609375,14.227386,898.242188,72.896484,58.87793,36.448242,20.135742,3.823242,5.862305,5072.966085
,3/13/2017 10:26,10.550977,91.313324,14.195729,895.195312,72.896484,58.87793,36.448242,20.135742,3.823242,5.862305,5056.692271
,3/13/2017 10:27,10.550977,91.193226,13.735822,894.726562,72.896484,58.87793,36.448242,20.135742,3.823242,5.862305,5046.388964
,3/13/2017 10:28,10.550977,91.013541,13.797268,894.726562,72.896484,58.87793,36.448242,20.135742,3.823242,5.862305,5037.169333
,3/13/2017 10:29,10.550977,91.136435,13.797268,894.726562,72.896484,58.87793,36.448242,20.135742,3.823242,5.862305,5043.818237
,3/13/2017 10:30,10.550977,91.441801,13.797268,897.1875,72.896484,58.87793,36.448242,20.135742,3.823242,5.862305,5060.340249
,3/13/2017 10:31,10.550977,91.55352,14.07377,901.015625,72.896484,58.87793,36.448242,20.135742,3.823242,5.862305,5068.66195
,3/13/2017 10:32,10.550977,91.693169,14.299999,902.929688,72.896484,58.87793,36.448242,20.135742,3.823242,5.862305,5078.107782
,3/13/2017 10:33,10.550977,91.832817,14.057942,899.023438,72.896484,58.87793,36.448242,20.135742,3.823242,5.862305,5083.637068
,3/13/2017 10:34,10.550977,91.709925,13.741405,894.990234,72.896484,58.87793,36.448242,20.135742,3.823242,5.862305,5074.394408
,3/13/2017 10:35,10.550977,91.497658,13.741405,897.65625,72.896484,58.87793,36.448242,20.135742,3.823242,5.862305,5062.907664
,3/13/2017 10:36,10.550977,91.544207,13.741405,897.65625,72.896484,58.87793,36.448242,20.135742,3.823242,5.862305,5065.426594
,3/13/2017 10:37,10.550977,91.564689,13.7833,897.65625,72.896484,58.87793,36.448242,20.135742,3.823242,7.357617,5066.875696
,3/13/2017 10:38,10.550977,91.944534,13.988118,897.65625,72.896484,58.87793,36.448242,20.135742,3.823242,7.901367,5089.103853
,3/13/2017 10:39,10.550977,91.895193,13.629688,897.65625,72.896484,58.87793,36.448242,20.135742,3.823242,7.901367,5083.520114
,3/13/2017 10:40,10.550977,91.832817,13.629688,897.65625,72.896484,58.87793,36.448242,20.135742,3.823242,7.901367,5080.143853
,3/13/2017 10:41,10.550977,91.832817,13.629688,897.65625,72.896484,58.87793,36.448242,20.135742,3.823242,7.901367,5080.143853
,3/13/2017 10:42,10.550977,91.832817,13.284292,897.65625,72.896484,58.87793,36.448242,20.135742,3.823242,7.901367,5077.403542
,3/13/2017 10:43,10.550977,91.832817,13.694859,897.65625,72.896484,58.87793,36.448242,20.135742,3.823242,7.901367,5080.668627
,3/13/2017 10:44,10.550977,91.832817,13.797268,897.65625,72.896484,58.87793,36.448242,20.135742,3.823242,7.901367,5081.498198
,3/13/2017 10:45,10.550977,91.832817,13.988121,897.65625,72.896484,58.87793,36.448242,20.135742,3.823242,7.901367,5083.060339
,3/13/2017 10:46,10.550977,91.548863,13.373665,895.195312,72.896484,58.87793,36.448242,20.135742,3.823242,7.901367,5062.73071
,3/13/2017 10:47,10.550977,91.497658,13.182812,893.554688,72.896484,58.87793,36.448242,20.135742,3.823242,7.901367,5058.458352
,3/13/2017 10:48,10.550977,91.497658,13.182812,893.554688,72.896484,58.87793,36.448242,20.135742,3.823242,7.901367,5058.458352
,3/13/2017 10:49,10.550977,91.497658,13.182812,893.554688,72.896484,58.87793,36.448242,20.135742,3.823242,7.901367,5058.458352
,3/13/2017 10:50,10.550977,91.241634,13.045957,893.554688,72.896484,58.87793,36.448242,20.135742,3.823242,7.901367,5043.526857
,3/13/2017 10:51,10.550977,90.883202,12.791798,892.060547,72.896484,58.87793,36.448242,20.135742,3.823242,7.901367,5022.154401
,3/13/2017 10:52,10.550977,90.883202,12.883034,888.867188,72.896484,58.87793,36.448242,20.135742,3.823242,7.901367,5022.852661
,3/13/2017 10:53,10.550977,90.883202,13.182812,891.210938,72.896484,58.87793,36.448242,20.135742,3.823242,7.901367,5025.181202
,3/13/2017 10:54,10.550977,90.883202,13.136262,890.820312,72.896484,58.87793,36.448242,20.135742,3.823242,7.901367,5024.816181
,3/13/2017 10:55,10.550977,90.883202,12.624218,885.351562,72.896484,58.87793,36.448242,20.135742,3.823242,7.901367,5020.884535
,3/13/2017 10:56,10.550977,90.883202,12.624218,885.351562,72.896484,60.135352,36.448242,20.135742,3.823242,7.901367,5020.884535
,3/13/2017 10:57,10.550977,90.883202,13.473283,892.03125,72.896484,60.916992,36.448242,20.135742,3.823242,7.901367,5027.487478
,3/13/2017 10:58,10.550977,90.883202,13.2275,892.382812,72.896484,60.916992,36.448242,20.135742,3.823242,7.901367,5025.532812
,3/13/2017 10:59,10.550977,90.883202,12.717317,888.632812,72.896484,60.916992,36.448242,20.135742,3.823242,7.901367,5021.587981
,3/13/2017 11:00,10.550977,88.352774,12.959375,881.982422,72.896484,60.916992,36.448242,20.135742,3.823242,7.901367,4886.401139
,3/13/2017 11:01,10.550977,86.749611,12.847655,873.828125,72.896484,60.916992,36.448242,20.135742,3.823242,7.901367,4798.72211
,3/13/2017 11:02,10.550977,86.749611,12.322577,868.242188,72.896484,60.916992,36.448242,20.135742,3.823242,7.901367,4794.597
,3/13/2017 11:03,10.550977,86.432144,12.280682,868.212891,72.896484,60.916992,36.448242,20.135742,3.823242,7.901367,4777.075428
,3/13/2017 11:04,10.550977,85.967583,12.289062,867.548828,72.896484,60.916992,36.448242,20.135742,3.823242,7.901367,4751.973607
,3/13/2017 11:05,10.550977,85.967583,11.958564,865.429688,72.896484,60.916992,36.448242,20.135742,3.823242,7.901367,4749.448133
,3/13/2017 11:06,10.550977,85.701318,11.730473,863.28125,72.896484,60.916992,36.448242,20.135742,3.823242,7.901367,4733.308733
,3/13/2017 11:07,10.550977,84.962112,11.730473,858.984375,72.896484,60.916992,36.448242,20.135742,3.823242,7.901367,4693.236199
,3/13/2017 11:08,10.550977,84.682816,11.730473,858.984375,72.896484,60.916992,36.448242,20.135742,3.823242,7.901367,4678.097185
,3/13/2017 11:09,10.550977,84.682816,11.730473,858.984375,72.896484,60.916992,36.448242,20.135742,3.823242,7.901367,4678.097185
,3/13/2017 11:10,10.550977,84.682816,11.730473,858.984375,72.896484,60.916992,36.448242,20.135742,3.823242,7.901367,4678.097185
,3/13/2017 11:11,10.550977,84.682816,11.73792,858.984375,72.896484,60.916992,36.448242,20.135742,3.823242,7.901367,4678.153116
,3/13/2017 11:12,10.550977,84.682816,12.177341,858.984375,72.896484,60.916992,36.448242,20.135742,3.823242,7.901367,4681.515048
,3/13/2017 11:13,10.550977,85.16041,12.177341,858.984375,72.658594,60.916992,36.448242,20.135742,3.823242,7.901367,4707.384414
,3/13/2017 11:14,10.550977,85.185547,12.177341,862.089844,70.857422,60.916992,36.448242,20.135742,3.823242,7.901367,4708.746067
,3/13/2017 11:15,10.550977,85.185547,12.177341,862.5,70.857422,60.916992,36.448242,20.135742,3.823242,7.901367,4708.746067
,3/13/2017 11:16,10.550977,85.185547,12.386814,862.5,70.857422,60.916992,36.448242,20.135742,3.823242,7.901367,4710.3818
,3/13/2017 11:17,10.550977,85.520706,12.456638,864.453125,70.857422,60.916992,36.448242,20.135742,3.823242,7.901367,4729.080792
,3/13/2017 11:18,10.550977,85.34382,12.456638,865.429688,70.857422,60.916992,36.448242,20.135742,3.823242,7.901367,4719.502853
,3/13/2017 11:19,10.550977,85.129692,12.118692,863.554688,70.857422,60.916992,36.448242,20.135742,3.823242,7.901367,4705.267083
,3/13/2017 11:20,10.550977,85.129692,11.84219,861.914062,70.857422,60.916992,36.448242,20.135742,3.823242,7.901367,4703.158564
,3/13/2017 11:21,10.550977,85.269339,11.84219,861.914062,70.857422,60.916992,36.448242,20.135742,3.823242,7.901367,4710.727297
,3/13/2017 11:22,10.550977,85.464844,11.84219,861.914062,70.857422,60.916992,36.448242,20.135742,3.823242,7.901367,4721.323874
,3/13/2017 11:23,10.550977,85.464844,11.84219,861.914062,70.857422,60.916992,36.448242,20.135742,3.823242,7.901367,4721.323874
,3/13/2017 11:24,10.550977,85.392228,11.84219,861.914062,70.857422,60.916992,36.448242,20.135742,3.823242,7.901367,4717.387957
,3/13/2017 11:25,10.550977,85.129692,11.84219,861.914062,70.857422,60.916992,36.448242,20.135742,3.823242,7.901367,4703.158564
,3/13/2017 11:26,10.550977,85.129692,11.84219,861.572266,70.857422,60.916992,36.448242,20.135742,3.823242,7.901367,4703.158564
,3/13/2017 11:27,10.550977,85.129692,11.84219,857.8125,70.857422,60.916992,36.448242,20.135742,3.823242,7.901367,4703.158564
,3/13/2017 11:28,10.550977,85.129692,11.84219,857.8125,70.857422,60.916992,36.448242,20.135742,3.823242,7.901367,4703.158564
,3/13/2017 11:29,10.550977,85.129692,11.84219,857.8125,70.857422,60.916992,36.448242,20.135742,3.823242,7.901367,4703.158564
,3/13/2017 11:30,10.550977,85.129692,11.84219,857.8125,70.857422,60.916992,36.448242,20.135742,3.823242,7.901367,4703.158564
,3/13/2017 11:31,10.550977,85.129692,11.84219,860.205078,70.857422,60.916992,36.448242,20.135742,3.823242,7.901367,4703.158564
,3/13/2017 11:32,10.550977,85.129692,11.84219,860.742188,70.857422,60.916992,36.448242,20.135742,3.823242,7.901367,4703.158564
,3/13/2017 11:33,10.550977,85.396885,11.84219,862.695312,70.857422,60.916992,36.448242,20.135742,3.823242,7.901367,4717.640373
,3/13/2017 11:34,10.550977,85.520706,11.84219,861.5625,70.857422,60.916992,36.448242,20.135742,3.823242,7.901367,4724.351737
,3/13/2017 11:35,10.550977,85.520706,12.118692,860.15625,70.857422,60.916992,36.448242,20.135742,3.823242,7.901367,4726.450802
,3/13/2017 11:36,10.550977,85.520706,12.344921,861.572266,70.857422,60.916992,36.448242,20.135742,3.823242,7.901367,4728.203538
,3/13/2017 11:37,10.550977,85.520706,12.344921,863.085938,70.857422,60.916992,36.448242,20.135742,3.823242,7.901367,4728.203538
,3/13/2017 11:38,10.550977,85.364299,12.129864,861.855469,70.857422,60.916992,36.448242,20.135742,3.823242,7.901367,4718.062973
,3/13/2017 11:39,10.550977,85.267475,11.730473,859.570312,70.857422,60.916992,36.448242,20.135742,3.823242,7.901367,4709.789219
,3/13/2017 11:40,10.550977,85.297264,12.017217,861.328125,70.857422,60.916992,36.448242,20.135742,3.823242,7.901367,4713.567432
,3/13/2017 11:41,10.550977,85.297264,11.839397,867.832031,70.857422,60.916992,36.448242,20.135742,3.823242,7.901367,4712.219819
,3/13/2017 11:42,10.550977,85.320539,12.456638,864.84375,70.857422,60.916992,36.448242,20.135742,3.823242,7.901367,4718.242276
,3/13/2017 11:43,10.550977,85.576561,12.456638,864.84375,70.857422,60.916992,36.448242,20.135742,3.823242,7.901367,4732.105287
,3/13/2017 11:44,10.550977,85.576561,12.456638,864.84375,70.857422,60.916992,36.448242,20.135742,3.823242,7.901367,4732.105287
,3/13/2017 11:45,10.550977,85.576561,12.456638,864.84375,70.857422,60.916992,36.448242,20.135742,3.823242,7.901367,4732.105287
,3/13/2017 11:46,10.550977,85.576561,12.456638,864.84375,70.857422,60.916992,36.448242,20.135742,3.823242,7.901367,4732.105287
,3/13/2017 11:47,10.550977,85.576561,12.456638,864.84375,70.857422,60.916992,36.448242,20.135742,3.823242,7.901367,4732.105287
,3/13/2017 11:48,10.550977,85.576561,12.07959,864.84375,70.857422,60.916992,36.448242,20.135742,3.823242,7.901367,4729.177444
,3/13/2017 11:49,10.550977,85.576561,11.953907,864.84375,70.857422,60.916992,36.448242,20.135742,3.823242,7.901367,4728.221098
,3/13/2017 11:50,10.550977,85.576561,11.953907,864.84375,70.857422,60.916992,36.448242,20.135742,3.823242,7.901367,4728.221098
,3/13/2017 11:51,10.550977,85.576561,11.953907,864.84375,70.857422,60.916992,36.448242,20.135742,3.823242,7.901367,4728.221098
,3/13/2017 11:52,10.550977,85.576561,12.169897,864.84375,70.857422,60.916992,36.448242,20.135742,3.823242,7.901367,4729.870662
,3/13/2017 11:53,10.550977,85.576561,12.237861,863.4375,70.857422,60.916992,36.448242,20.135742,3.823242,7.901367,4730.395708
,3/13/2017 11:54,10.550977,85.576561,12.009769,861.328125,70.857422,60.916992,36.448242,20.135742,3.823242,7.901367,4728.644952
,3/13/2017 11:55,10.550977,85.576561,12.29465,861.328125,70.857422,60.916992,36.448242,20.135742,3.823242,7.901367,4730.83662
,3/13/2017 11:56,10.550977,85.576561,11.968801,861.328125,70.857422,60.916992,36.448242,20.135742,3.823242,7.901367,4728.333917
,3/13/2017 11:57,10.550977,85.576561,11.660642,861.328125,70.857422,60.916992,36.448242,20.135742,3.823242,7.901367,4726.027756
,3/13/2017 11:58,10.550977,85.248855,11.860806,860.976562,70.857422,60.916992,36.448242,20.135742,3.823242,7.901367,4709.757338
,3/13/2017 11:59,10.550977,84.962112,11.451176,856.054688,70.857422,60.339258,36.448242,20.135742,3.823242,7.901367,4691.170357
,3/13/2017 12:00,10.550977,84.962112,11.451176,856.054688,70.857422,60.339258,36.448242,20.135742,3.823242,7.901367,4691.170357
,3/13/2017 12:01,10.550977,85.280507,12.141033,860.976562,70.857422,60.339258,36.448242,20.135742,3.823242,7.901367,4713.609614
,3/13/2017 12:02,10.550977,85.297264,12.177341,861.328125,70.857422,60.339258,36.448242,20.135742,3.823242,7.901367,4714.797789
,3/13/2017 12:03,10.550977,85.823273,12.177341,861.328125,70.857422,60.339258,36.448242,20.135742,3.823242,7.901367,4743.293873
,3/13/2017 12:04,10.550977,86.268287,12.177341,863.964844,70.857422,60.339258,36.448242,20.135742,3.823242,7.901367,4767.404817
,3/13/2017 12:05,10.550977,86.749611,12.177341,864.84375,70.857422,60.339258,36.448242,20.135742,3.823242,7.901367,4793.485778
,3/13/2017 12:06,10.550977,86.749611,12.349575,866.650391,70.857422,60.339258,36.448242,20.135742,3.823242,7.901367,4794.804989
,3/13/2017 12:07,10.550977,86.565273,12.057247,867.773438,70.857422,60.339258,36.448242,20.135742,3.823242,7.901367,4782.585934
,3/13/2017 12:08,10.550977,86.576445,12.081453,867.773438,70.857422,60.339258,36.448242,20.135742,3.823242,7.901367,4783.374306
,3/13/2017 12:09,10.550977,86.586688,12.456638,867.773438,70.857422,60.339258,36.448242,20.135742,3.823242,7.901367,4786.809702
,3/13/2017 12:10,10.550977,86.358597,12.456638,867.773438,70.857422,60.339258,36.448242,20.135742,3.823242,7.901367,4774.456064
,3/13/2017 12:11,10.550977,86.358597,12.456638,867.773438,70.857422,60.339258,36.448242,20.135742,3.823242,7.901367,4774.456064
,3/13/2017 12:12,10.550977,86.358597,12.311404,866.953125,70.857422,60.339258,36.448242,20.135742,3.823242,7.901367,4773.327955
,3/13/2017 12:13,10.550977,86.112816,11.786327,862.890625,70.857422,60.339258,36.448242,20.135742,3.823242,7.901367,4756.032397
,3/13/2017 12:14,10.550977,85.711561,11.828222,858.251953,70.857422,60.339258,36.448242,20.135742,3.823242,7.901367,4734.592299
,3/13/2017 12:15,10.550977,85.967583,12.289066,863.085938,70.857422,60.339258,36.448242,20.135742,3.823242,7.901367,4751.973638
,3/13/2017 12:16,10.550977,85.967583,12.289066,863.085938,70.857422,60.339258,36.448242,20.135742,3.823242,7.901367,4751.973638
,3/13/2017 12:17,10.550977,85.649181,12.289066,863.085938,70.857422,60.339258,36.448242,20.135742,3.823242,7.901367,4734.726632
,3/13/2017 12:18,10.550977,85.632423,11.901773,863.085938,70.857422,60.339258,36.448242,20.135742,3.823242,7.901367,4730.85493
,3/13/2017 12:19,10.550977,85.632423,12.115897,863.085938,70.857422,60.339258,36.448242,20.135742,3.823242,7.901367,4732.482146
,3/13/2017 12:20,10.550977,85.632423,12.177341,863.085938,70.857422,60.339258,36.448242,20.135742,3.823242,7.901367,4732.954337
,3/13/2017 12:21,10.550977,85.632423,12.177341,863.085938,70.857422,60.339258,36.448242,20.135742,3.823242,7.901367,4732.954337
,3/13/2017 12:22,10.550977,85.632423,12.177341,863.085938,70.857422,60.339258,36.448242,20.135742,3.823242,7.901367,4732.954337
,3/13/2017 12:23,10.550977,85.632423,11.962284,863.085938,70.857422,60.339258,36.448242,20.135742,3.823242,7.901367,4731.311893
,3/13/2017 12:24,10.550977,85.632423,11.786327,863.085938,70.857422,60.339258,36.448242,20.135742,3.823242,7.901367,4729.989419
,3/13/2017 12:25,10.550977,85.772073,11.786327,863.085938,70.857422,60.339258,36.448242,20.135742,3.823242,7.901367,4737.559821
,3/13/2017 12:26,10.550977,85.967583,11.786327,863.085938,70.857422,60.339258,36.448242,20.135742,3.823242,7.901367,4748.158768
,3/13/2017 12:27,10.550977,85.803728,11.786327,861.992188,70.857422,60.339258,36.448242,20.135742,3.823242,7.901367,4739.275865
,3/13/2017 12:28,10.550977,85.353127,11.653197,858.28125,70.857422,60.339258,36.448242,20.135742,3.823242,7.901367,4713.858538
,3/13/2017 12:29,10.550977,85.353127,11.230531,855.859375,70.857422,60.339258,36.448242,20.135742,3.823242,7.901367,4710.785609
,3/13/2017 12:30,10.550977,85.353127,11.562893,858.398438,70.857422,60.339258,36.448242,20.135742,3.823242,7.901367,4713.192631
,3/13/2017 12:31,10.550977,85.338231,11.549859,858.339844,70.857422,60.339258,36.448242,20.135742,3.823242,7.901367,4712.28919
,3/13/2017 12:32,10.550977,84.90625,11.171879,854.882812,70.857422,60.339258,36.448242,20.135742,3.823242,7.901367,4686.122749
,3/13/2017 12:33,10.550977,84.587856,11.171879,851.054688,70.857422,60.339258,36.448242,20.135742,3.823242,7.901367,4668.849646
,3/13/2017 12:34,10.550977,84.571098,10.870235,850.78125,70.857422,60.339258,36.448242,20.135742,3.823242,7.901367,4665.80757
,3/13/2017 12:35,10.550977,84.571098,10.83672,850.78125,70.857422,60.339258,36.448242,20.135742,3.823242,7.901367,4665.574125
,3/13/2017 12:36,10.550977,84.571098,10.83672,850.78125,70.857422,60.339258,36.448242,20.135742,3.823242,7.901367,4665.574125
,3/13/2017 12:37,10.550977,84.571098,11.027572,850.78125,70.857422,60.339258,36.448242,20.135742,3.823242,7.901367,4666.912963
,3/13/2017 12:38,10.550977,84.571098,11.116016,850.78125,70.857422,60.339258,36.448242,20.135742,3.823242,7.901367,4667.541196
,3/13/2017 12:39,10.550977,84.386761,10.870234,850.78125,70.857422,60.339258,36.448242,20.135742,3.823242,7.901367,4655.803111
,3/13/2017 12:40,10.550977,84.235939,10.91213,850.78125,70.347656,60.339258,36.448242,20.135742,3.823242,7.901367,4647.911836
,3/13/2017 12:41,10.550977,84.235939,11.171879,850.78125,68.818359,60.339258,36.448242,20.135742,3.823242,7.901367,4649.759194
,3/13/2017 12:42,10.550977,84.079532,10.898166,848.730469,68.818359,60.339258,36.448242,20.135742,3.823242,7.901367,4639.326001
,3/13/2017 12:43,10.550977,83.614969,10.389843,844.921875,68.818359,60.339258,36.448242,20.135742,3.823242,7.901367,4610.604637
,3/13/2017 12:44,10.550977,83.174614,10.389843,843.984375,68.818359,60.339258,36.448242,20.135742,3.823242,7.901367,4586.693238
,3/13/2017 12:45,10.550977,83.174614,10.389843,840.234375,68.818359,60.339258,36.448242,20.135742,3.823242,7.901367,4586.693238
,3/13/2017 12:46,10.550977,83.174614,10.361914,840.234375,68.818359,60.339258,36.448242,20.135742,3.823242,7.901367,4586.504055
,3/13/2017 12:47,10.550977,83.174614,10.059346,840.234375,68.818359,60.339258,36.448242,20.135742,3.823242,7.901367,4584.486698
,3/13/2017 12:48,10.550977,83.174614,10.333988,840.234375,68.818359,60.339258,36.448242,20.135742,3.823242,7.901367,4586.315393
,3/13/2017 12:49,10.550977,83.174614,10.333988,840.234375,68.818359,60.339258,36.448242,20.135742,3.823242,7.901367,4586.315393
,3/13/2017 12:50,10.550977,83.174614,10.333988,840.234375,68.818359,60.339258,36.448242,20.135742,3.823242,7.901367,4586.315393
,3/13/2017 12:51,10.550977,83.493942,10.333988,840.234375,68.818359,60.339258,36.448242,20.135742,3.823242,7.901367,4603.656223
,3/13/2017 12:52,10.550977,83.565628,10.711037,844.189453,68.818359,60.339258,36.448242,20.135742,3.823242,7.901367,4610.126829
,3/13/2017 12:53,10.550977,83.565628,10.83672,845.507812,68.818359,60.339258,36.448242,20.135742,3.823242,7.901367,4611.006232
,3/13/2017 12:54,10.550977,83.565628,10.83672,845.507812,68.818359,60.339258,36.448242,20.135742,3.823242,7.901367,4611.006232
,3/13/2017 12:55,10.550977,83.714586,10.83672,845.507812,68.818359,60.339258,36.448242,20.135742,3.823242,7.901367,4619.08966
,3/13/2017 12:56,10.550977,83.844925,10.83672,845.507812,68.818359,60.339258,36.448242,20.135742,3.823242,7.901367,4626.162895
,3/13/2017 12:57,10.550977,83.919404,11.069467,846.914062,68.818359,60.339258,36.448242,20.135742,3.823242,7.901367,4631.853103
,3/13/2017 12:58,10.550977,84.537581,11.395313,851.894531,68.818359,60.339258,36.448242,20.135742,3.823242,7.901367,4667.739847
,3/13/2017 12:59,10.550977,85.168791,11.490275,857.226562,68.818359,60.339258,36.448242,20.135742,3.823242,7.901367,4702.664321
,3/13/2017 13:00,10.550977,85.408989,11.730473,857.226562,68.818359,60.339258,36.448242,20.135742,3.823242,7.901367,4717.460739
,3/13/2017 13:01,10.550977,85.408989,11.730473,857.226562,68.818359,60.339258,36.448242,20.135742,3.823242,7.901367,4717.460739
,3/13/2017 13:02,10.550977,85.408989,11.730473,857.5,68.818359,60.339258,36.448242,20.135742,3.823242,7.901367,4717.460739
,3/13/2017 13:03,10.550977,85.835379,11.743506,861.328125,68.818359,60.339258,36.448242,20.135742,3.823242,7.901367,4740.673516
,3/13/2017 13:04,10.550977,86.414452,12.512501,866.015625,68.818359,60.339258,36.448242,20.135742,3.823242,7.901367,4777.918257
,3/13/2017 13:05,10.550977,86.844571,12.512501,870.9375,68.818359,60.339258,36.448242,20.135742,3.823242,7.901367,4801.21267
,3/13/2017 13:06,10.550977,87.028908,12.808558,873.828125,68.818359,60.339258,36.448242,20.135742,3.823242,7.901367,4813.528907
,3/13/2017 13:07,10.550977,87.028908,12.84766,870.390625,68.818359,60.339258,36.448242,20.135742,3.823242,7.901367,4813.840923
,3/13/2017 13:08,10.550977,87.028908,13.099024,876.40625,68.818359,60.339258,36.448242,20.135742,3.823242,7.901367,4815.86891
,3/13/2017 13:09,10.550977,87.028908,13.182812,876.171875,68.818359,60.339258,36.448242,20.135742,3.823242,7.901367,4816.553444
,3/13/2017 13:10,10.550977,87.233725,13.182812,876.914062,68.818359,60.339258,36.448242,20.135742,3.823242,7.901367,4827.63493
,3/13/2017 13:11,10.550977,87.587502,13.182812,878.320312,68.818359,60.339258,36.448242,20.135742,3.823242,7.901367,4846.777161
,3/13/2017 13:12,10.550977,87.587502,13.317805,878.320312,68.818359,60.339258,36.448242,20.135742,3.823242,7.901367,4847.882074
,3/13/2017 13:13,10.550977,87.703875,13.462109,878.320312,68.818359,60.339258,36.448242,20.135742,3.823242,7.901367,4855.36949
,3/13/2017 13:14,10.550977,87.866798,13.462109,879.755859,68.818359,60.339258,36.448242,20.135742,3.823242,7.901367,4864.181633
,3/13/2017 13:15,10.550977,87.866798,13.462109,881.259766,68.818359,60.339258,36.448242,20.135742,3.823242,7.901367,4864.181633
,3/13/2017 13:16,10.550977,87.866798,13.571035,879.208984,68.818359,60.339258,36.448242,20.135742,3.823242,7.901367,4865.087869
,3/13/2017 13:17,10.550977,87.467402,12.85045,881.806641,68.818359,60.339258,36.448242,20.135742,3.823242,7.901367,4837.601546
,3/13/2017 13:18,10.550977,87.174139,13.154882,877.734375,68.818359,60.339258,36.448242,20.135742,3.823242,7.901367,4824.182724
,3/13/2017 13:19,10.550977,86.582031,12.84766,871.289062,68.818359,60.339258,36.448242,20.135742,3.823242,7.901367,4789.651289
,3/13/2017 13:20,10.550977,86.582031,12.84766,871.289062,68.818359,60.339258,36.448242,20.135742,3.823242,7.901367,4789.651289
,3/13/2017 13:21,10.550977,86.459142,12.84766,871.289062,68.818359,60.339258,36.448242,20.135742,3.823242,7.901367,4782.999727
,3/13/2017 13:22,10.550977,85.967583,12.84766,866.210938,68.818359,60.339258,36.448242,20.135742,3.823242,7.901367,4756.395369
,3/13/2017 13:23,10.550977,85.648248,12.391475,865.429688,68.818359,60.339258,36.448242,20.135742,3.823242,7.901367,4735.475248
,3/13/2017 13:24,10.550977,85.576561,12.582327,865.429688,68.818359,60.339258,36.448242,20.135742,3.823242,7.901367,4733.100869
,3/13/2017 13:25,10.550977,85.576561,12.68008,865.429688,68.818359,60.339258,36.448242,20.135742,3.823242,7.901367,4733.881933
,3/13/2017 13:26,10.550977,85.783243,12.711733,868.242188,68.818359,60.339258,36.448242,20.135742,3.823242,7.901367,4745.323315
,3/13/2017 13:27,10.550977,85.91172,12.340268,870.117188,68.818359,60.339258,36.448242,20.135742,3.823242,7.901367,4749.345138
,3/13/2017 13:28,10.550977,85.91172,12.38775,870.117188,68.818359,60.339258,36.448242,20.135742,3.823242,7.901367,4749.715248
,3/13/2017 13:29,10.550977,85.91172,12.791798,870.117188,68.818359,60.339258,36.448242,20.135742,3.823242,7.901367,4752.921002
,3/13/2017 13:30,10.550977,85.91172,12.791798,870.117188,68.818359,60.339258,36.448242,20.135742,3.823242,7.901367,4752.921002
,3/13/2017 13:31,10.550977,86.022508,12.791798,870.117188,68.818359,60.339258,36.448242,20.135742,3.823242,7.901367,4758.917311
,3/13/2017 13:32,10.550977,86.302734,12.658665,870.117188,68.818359,60.339258,36.448242,20.135742,3.823242,7.901367,4773.022375
,3/13/2017 13:33,10.550977,86.302734,12.252752,870.117188,68.818359,60.339258,36.448242,20.135742,3.823242,7.901367,4769.849553
,3/13/2017 13:34,10.550977,86.302734,12.65215,869.882812,68.818359,60.339258,36.448242,20.135742,3.823242,7.901367,4772.970651
,3/13/2017 13:35,10.550977,86.302734,12.344921,866.601562,68.818359,60.339258,36.448242,20.135742,3.823242,7.901367,4770.561103
,3/13/2017 13:36,10.550977,86.302734,12.344921,866.601562,68.818359,60.339258,36.448242,20.135742,3.823242,7.901367,4770.561103
,3/13/2017 13:37,10.550977,86.067196,12.344921,866.601562,68.818359,60.339258,36.448242,20.135742,3.823242,7.901367,4757.802663
,3/13/2017 13:38,10.550977,85.688286,12.344921,866.601562,68.818359,60.339258,36.448242,20.135742,3.823242,7.901367,4737.27964
,3/13/2017 13:39,10.550977,85.688286,12.344921,866.601562,68.818359,60.339258,36.448242,20.135742,3.823242,7.901367,4737.27964
,3/13/2017 13:40,10.550977,85.688286,12.344921,866.601562,68.818359,60.339258,36.448242,20.135742,3.823242,7.901367,4737.27964
,3/13/2017 13:41,10.550977,85.688286,11.925048,862.597656,68.818359,60.339258,36.448242,20.135742,3.823242,7.901367,4734.058058
,3/13/2017 13:42,10.550977,85.688286,11.730473,860.742188,68.818359,60.339258,36.448242,20.135742,3.823242,7.901367,4732.602209
,3/13/2017 13:43,10.550977,85.688286,12.028389,862.929688,68.818359,60.339258,36.448242,20.135742,3.823242,7.901367,4734.840828
,3/13/2017 13:44,10.550977,85.688286,12.289066,864.84375,68.818359,60.339258,36.448242,20.135742,3.823242,7.901367,4736.844779
,3/13/2017 13:45,10.550977,85.688286,12.079592,864.84375,68.818359,60.339258,36.448242,20.135742,3.823242,7.901367,4735.231126
,3/13/2017 13:46,10.550977,85.57098,11.786327,864.84375,68.818359,60.339258,36.448242,20.135742,3.823242,7.901367,4726.658677
,3/13/2017 13:47,10.550977,85.353127,11.786327,863.75,68.818359,60.339258,36.448242,20.135742,3.823242,7.901367,4714.84952
,3/13/2017 13:48,10.550977,85.353127,11.931562,861.445312,68.818359,60.339258,36.448242,20.135742,3.823242,7.901367,4715.943206
,3/13/2017 13:49,10.550977,85.353127,12.420332,863.789062,68.818359,60.339258,36.448242,20.135742,3.823242,7.901367,4719.720304
,3/13/2017 13:50,10.550977,85.353127,11.898045,860.742188,68.818359,60.339258,36.448242,20.135742,3.823242,7.901367,4715.689641
,3/13/2017 13:51,10.550977,85.353127,11.889666,860.683594,68.818359,60.339258,36.448242,20.135742,3.823242,7.901367,4715.626362
,3/13/2017 13:52,10.550977,85.353127,11.395313,857.226562,68.818359,60.339258,36.448242,20.135742,3.823242,7.901367,4711.970368
,3/13/2017 13:53,10.550977,85.353127,11.395313,857.226562,68.818359,60.339258,36.448242,20.135742,3.823242,7.901367,4711.970368
,3/13/2017 13:54,10.550977,85.353127,11.691371,857.226562,68.818359,60.339258,36.448242,20.135742,3.823242,7.901367,4714.141565
,3/13/2017 13:55,10.550977,85.353127,11.730473,857.226562,68.818359,60.339258,36.448242,20.135742,3.823242,7.901367,4714.432414
,3/13/2017 13:56,10.550977,84.939768,11.730473,857.226562,68.818359,60.339258,36.448242,20.135742,3.823242,7.901367,4692.025026
,3/13/2017 13:57,10.550977,84.682816,11.730473,857.226562,68.818359,60.339258,36.448242,20.135742,3.823242,7.901367,4678.097185
,3/13/2017 13:58,10.550977,84.682816,11.523791,853.974609,68.818359,60.339258,36.448242,20.135742,3.823242,7.901367,4676.558779
,3/13/2017 13:59,10.550977,84.682816,11.395313,853.515625,68.818359,60.339258,36.448242,20.135742,3.823242,7.901367,4675.616006
,3/13/2017 14:00,10.550977,84.971422,11.395313,856.796875,68.818359,60.339258,36.448242,20.135742,3.823242,7.901367,4691.267951
,3/13/2017 14:01,10.550977,85.241409,11.558236,858.984375,68.818359,60.339258,36.448242,20.135742,3.823242,7.901367,4707.100574
,3/13/2017 14:02,10.550977,85.241409,11.786327,858.984375,68.818359,60.339258,36.448242,20.135742,3.823242,7.901367,4708.793842
,3/13/2017 14:03,10.550977,85.241409,11.628059,857.822266,68.818359,60.339258,36.448242,20.135742,3.823242,7.901367,4707.615466
,3/13/2017 14:04,10.550977,85.241409,11.227734,855.46875,68.818359,60.339258,36.448242,20.135742,3.823242,7.901367,4704.70471
,3/13/2017 14:05,10.550977,85.363368,11.227734,857.8125,68.818359,60.339258,36.448242,20.135742,3.823242,7.901367,4711.321248
,3/13/2017 14:06,10.550977,85.218131,11.227734,857.8125,68.818359,60.339258,36.448242,20.135742,3.823242,7.901367,4703.441847
,3/13/2017 14:07,10.550977,85.576561,11.227734,857.8125,68.818359,60.339258,36.448242,20.135742,3.823242,7.901367,4722.887812
,3/13/2017 14:08,10.550977,85.576561,11.227734,857.8125,68.818359,60.339258,36.448242,20.135742,3.823242,7.901367,4722.887812
,3/13/2017 14:09,10.550977,85.576561,11.227734,857.8125,68.818359,60.339258,36.448242,20.135742,3.823242,7.901367,4722.887812
,3/13/2017 14:10,10.550977,85.576561,11.227734,857.8125,68.818359,60.339258,36.448242,20.135742,3.823242,7.901367,4722.887812
,3/13/2017 14:11,10.550977,85.576561,11.227734,857.8125,68.818359,60.339258,36.448242,20.135742,3.823242,7.901367,4722.887812
,3/13/2017 14:12,10.550977,85.576561,11.227734,857.8125,68.818359,60.339258,36.448242,20.135742,3.823242,7.901367,4722.887812
,3/13/2017 14:13,10.550977,85.309368,10.884201,855.009766,68.818359,60.339258,36.448242,20.135742,3.823242,7.901367,4705.975609
,3/13/2017 14:14,10.550977,85.392228,11.03502,855.878906,68.818359,60.339258,36.448242,20.135742,3.823242,7.901367,4711.523877
,3/13/2017 14:15,10.550977,85.520706,11.227734,857.226562,68.818359,60.339258,36.448242,20.135742,3.823242,7.901367,4719.85741
,3/13/2017 14:16,10.550977,85.520706,11.227734,857.226562,68.818359,60.339258,36.448242,20.135742,3.823242,7.901367,4719.85741
,3/13/2017 14:17,10.550977,85.520706,11.227734,857.226562,68.818359,60.339258,36.448242,20.135742,3.823242,7.901367,4719.85741
,3/13/2017 14:18,10.550977,85.520706,11.104845,857.226562,68.818359,60.339258,36.448242,20.135742,3.823242,7.901367,4718.986794
,3/13/2017 14:19,10.550977,85.520706,10.892582,857.226562,68.818359,60.339258,36.448242,20.135742,3.823242,7.901367,4717.505201
,3/13/2017 14:20,10.550977,85.520706,11.049918,858.046875,68.818359,60.339258,36.448242,20.135742,3.823242,7.901367,4718.600707
,3/13/2017 14:21,10.550977,85.520706,11.618748,860.625,68.818359,60.339258,36.448242,20.135742,3.823242,7.901367,4722.690209
,3/13/2017 14:22,10.550977,85.520706,11.590818,856.640625,68.818359,60.339258,36.448242,20.135742,3.823242,7.901367,4722.484705
,3/13/2017 14:23,10.550977,85.520706,11.2687,856.640625,68.818359,60.339258,36.448242,20.135742,3.823242,7.901367,4720.149729
,3/13/2017 14:24,10.550977,85.520706,10.83672,856.640625,68.818359,60.339258,36.448242,20.135742,3.823242,7.901367,4717.119961
,3/13/2017 14:25,10.550977,85.89217,11.261252,861.015625,68.818359,60.339258,36.448242,20.135742,3.823242,7.901367,4740.249822
,3/13/2017 14:26,10.550977,85.91172,11.283596,856.757812,68.818359,60.339258,36.448242,20.135742,3.823242,7.901367,4741.469586
,3/13/2017 14:27,10.550977,85.91172,11.283596,856.054688,68.818359,60.339258,36.448242,20.135742,3.823242,7.901367,4741.469586
,3/13/2017 14:28,10.550977,85.91172,11.283596,856.054688,68.818359,60.339258,36.448242,20.135742,3.823242,7.901367,4741.469586
,3/13/2017 14:29,10.550977,85.461119,11.283596,856.054688,68.818359,60.339258,36.448242,20.135742,3.823242,7.901367,4717.023711
,3/13/2017 14:30,10.550977,85.297264,10.870238,856.054688,68.818359,60.339258,36.448242,20.135742,3.823242,7.901367,4705.221953
,3/13/2017 14:31,10.550977,85.450878,10.920512,856.054688,68.818359,60.339258,36.448242,20.135742,3.823242,7.901367,4713.908352
,3/13/2017 14:32,10.550977,85.464844,11.171879,856.054688,68.818359,60.339258,36.448242,20.135742,3.823242,7.901367,4716.42953
,3/13/2017 14:33,10.550977,85.301921,11.032229,853.857422,68.818359,60.339258,36.448242,20.135742,3.823242,7.901367,4706.603474
,3/13/2017 14:34,10.550977,84.956524,10.83672,850.78125,68.818359,60.339258,36.448242,20.135742,3.823242,7.901367,4686.49439
,3/13/2017 14:35,10.550977,84.73867,10.83672,850.78125,68.818359,60.339258,36.448242,20.135742,3.823242,7.901367,4674.669459
,3/13/2017 14:36,10.550977,84.73867,10.83672,850.78125,68.818359,60.339258,36.448242,20.135742,3.823242,7.901367,4674.669459
,3/13/2017 14:37,10.550977,84.73867,10.83672,850.78125,68.818359,60.339258,36.448242,20.135742,3.823242,7.901367,4674.669459
,3/13/2017 14:38,10.550977,84.73867,10.83672,850.78125,68.818359,60.339258,36.448242,20.135742,3.823242,7.901367,4674.669459
,3/13/2017 14:39,10.550977,84.277834,10.826479,850.703125,68.818359,60.339258,36.448242,20.135742,3.823242,7.901367,4649.585851
,3/13/2017 14:40,10.550977,84.232215,10.222263,846.09375,68.818359,60.339258,36.448242,20.135742,3.823242,7.901367,4643.010815
,3/13/2017 14:41,10.550977,84.386761,10.222263,846.09375,68.818359,60.339258,36.448242,20.135742,3.823242,7.901367,4651.4061
,3/13/2017 14:42,10.550977,84.403519,10.617004,846.09375,68.818359,60.339258,36.448242,20.135742,3.823242,7.901367,4654.962906
,3/13/2017 14:43,10.550977,84.403519,10.66914,846.09375,68.818359,60.339258,36.448242,20.135742,3.823242,7.901367,4655.319821
,3/13/2017 14:44,10.550977,84.403519,10.66914,846.09375,68.818359,60.339258,36.448242,20.135742,3.823242,7.901367,4655.319821
,3/13/2017 14:45,10.550977,84.403519,10.66914,846.09375,68.818359,60.339258,36.448242,20.135742,3.823242,7.901367,4655.319821
,3/13/2017 14:46,10.550977,84.403519,10.66914,846.09375,68.818359,60.339258,36.448242,20.135742,3.823242,7.901367,4655.319821
,3/13/2017 14:47,10.550977,84.403519,10.255781,844.21875,68.818359,60.339258,36.448242,20.135742,3.823242,7.901367,4652.537323
,3/13/2017 14:48,10.550977,84.403519,10.83672,845.3125,68.818359,60.339258,36.448242,20.135742,3.823242,7.901367,4656.478702
,,,,,,,,,,,,
,,,,,,,,,,,,
,,,,,,,,,,,,
